停車場型態,停車場代碼,停車場名稱,停車場地址,停車場電話,即時車位,一般大型車,一般小型車,身障者小型車,婦幼者小型車,綠能小型車,一般機車,身障者機車,收費時間,收費費率,經緯度,備註欄,latitude,longitude
路邊停車格收費路段,11,中山路-1(路邊停車格),  民生綠園-民權路口兩側   ,,-1,0,7,0,0,0,0,0,,累進費率第一小時20元/時第二小時起每小時30元/時,22.993381，120.206067,,22.993381,120.206067
路邊停車格收費路段,12,中山路-2(路邊停車格),  民權路口-民族路口兩側   ,,-1,0,8,1,0,0,0,0,,累進費率:停車費率小型車以計時收費，計費方式以第一小時為20元、第二小時起每小時30元之費率；大型車輛則加倍計收；其停車時數未滿一小時者，以一小時計算收費,22.994169，120.207550,,22.994169,120.20755
路邊停車格收費路段,13,中山路-3(路邊停車格),  民族路口-火車站圓環東側   ,,-1,0,1,1,0,0,0,0,,累進費率:停車費率小型車以計時收費，計費方式以第一小時為20元、第二小時起每小時30元之費率；大型車輛則加倍計收；其停車時數未滿一小時者，以一小時計算收費,22.996441，120.211029,,22.996441,120.211029
路邊停車格收費路段,14,中山路-4(路邊停車格),  民族路口-火車站圓環西側   ,,-1,0,5,0,0,0,0,0,,累進費率:停車費率小型車以計時收費，計費方式以第一小時為20元、第二小時起每小時30元之費率；大型車輛則加倍計收；其停車時數未滿一小時者，以一小時計算收費,22.996641，120.211471,,22.996641,120.211471
路邊停車格收費路段,21,中正路-1(路邊停車格),  民生綠園-忠義路口兩側   ,,-1,0,18,1,0,0,0,0,,20元/時,22.992170，120.203659,,22.99217,120.203659
路邊停車格收費路段,22,中正路-2(路邊停車格),  忠義路口-永福路口兩側   ,,-1,0,15,0,0,0,0,0,,20元/時,22.992100，120.201729,,22.9921,120.201729
路邊停車格收費路段,23,中正路-3(路邊停車格),  永福路口-西門路口南側   ,,-1,0,12,0,0,0,0,0,,20元/時,22.992540，120.199608,,22.99254,120.199608
路邊停車格收費路段,24,中正路-4(路邊停車格),  永福路口-西門路口北側   ,,-1,0,12,0,0,0,0,0,,20元/時,22.992531，120.199661,,22.992531,120.199661
路邊停車格收費路段,25,中正路-5(路邊停車格),  西門路口-國華街口兩側   ,,-1,0,9,0,0,0,0,0,,累進費率:停車費率小型車以計時收費，計費方式以第一小時為20元、第二小時起每小時30元之費率；大型車輛則加倍計收；其停車時數未滿一小時者，以一小時計算收費,22.992889，120.197983,,22.992889,120.197983
路邊停車格收費路段,26,中正路-6(路邊停車格),  國華街口-康樂街口兩側   ,,-1,0,4,1,0,0,0,0,,累進費率:停車費率小型車以計時收費，計費方式以第一小時為20元、第二小時起每小時30元之費率；大型車輛則加倍計收；其停車時數未滿一小時者，以一小時計算收費,22.993370，120.195587,,22.99337,120.195587
路邊停車格收費路段,27,中正路-7(路邊停車格),  康樂街口-環河街口兩側   ,,-1,0,0,0,0,0,0,0,,20元/時,22.993530，120.193588,,22.99353,120.193588
路邊停車格收費路段,31,成功路-1(路邊停車格),  台南飯店-公園路口兩側   ,,-1,0,44,1,0,0,0,0,,20元/時,22.997850，120.208450,,22.99785,120.20845
路邊停車格收費路段,32,成功路-2(路邊停車格),  公園路口-忠義路口兩側   ,,-1,0,7,0,0,0,0,0,,20元/時,22.994551，120.208212,,22.994551,120.208212
路邊停車格收費路段,33,成功路-3(路邊停車格),  忠義路口-西門路口兩側   ,,-1,0,22,1,0,0,0,0,,20元/時,22.999291，120.202438,,22.999291,120.202438
路邊停車格收費路段,34,成功路-4(路邊停車格),  西門路口-金華路口兩側   ,,-1,0,27,0,0,0,0,0,,20元/時,23.000910，120.197647,,23.00091,120.197647
路邊停車格收費路段,35,成功路-5(路邊停車格),  金華路口-西和路口兩側   ,,-1,0,23,0,0,0,0,0,,20元/時,23.002260，120.195038,,23.00226,120.195038
路邊停車格收費路段,36,成功路-6(路邊停車格),  成功路22巷(成功路口-北忠街口)   ,,-1,0,6,0,0,0,0,0,,20元/時,22.998453，120.208968,,22.998453,120.208968
路邊停車格收費路段,41,北門路-1(路邊停車格),  東門圓環-青年路口兩側   ,,-1,0,20,0,0,0,0,0,,累進費率:停車費率小型車以計時收費，計費方式以第一小時為20元、第二小時起每小時30元之費率；大型車輛則加倍計收；其停車時數未滿一小時者，以一小時計算收費,22.990250，120.211483,,22.99025,120.211483
路邊停車格收費路段,42,北門路-2(路邊停車格),  青年路口-民族路口兩側   ,,-1,0,25,3,0,0,0,0,,累進費率:停車費率小型車以計時收費，計費方式以第一小時為20元、第二小時起每小時30元之費率；大型車輛則加倍計收；其停車時數未滿一小時者，以一小時計算收費,22.992250，120.211662,,22.99225,120.211662
路邊停車格收費路段,43,北門路3,  成功路-公園北路   ,,-1,0,31,0,0,0,0,0,,累進費率:停車費率小型車以計時收費，計費方式以第一小時為20元、第二小時起每小時30元之費率；大型車輛則加倍計收；其停車時數未滿一小時者，以一小時計算收費,23.002614，120.213242,,23.002614,120.213242
路邊停車格收費路段,51,府前路-1(路邊停車格),  東門圓環-開山路口兩側   ,,-1,0,27,0,0,0,0,0,,20元/時,22.988909，120.210713,,22.988909,120.210713
路邊停車格收費路段,52,府前路-2(路邊停車格),  開山路口-南門路口兩側   ,,-1,0,31,2,0,0,0,0,,累進費率:停車費率小型車以計時收費，計費方式以第一小時為20元、第二小時起每小時30元之費率；大型車輛則加倍計收；其停車時數未滿一小時者，以一小時計算收費,22.989031，120.206337,,22.989031,120.206337
路邊停車格收費路段,53,府前路-3(路邊停車格),  南門路口-忠義路口兩側   ,,-1,0,5,0,0,0,0,0,,20元/時 ,22.989269，120.203598,,22.989269,120.203598
路邊停車格收費路段,55,府前路-5(路邊停車格),  西門路口-海安路口兩側   ,,-1,0,3,0,0,0,0,0,,累進費率第一小時20元/時，第二小時起每小時30元/時,22.990657，120.197197,,22.990657,120.197197
路邊停車格收費路段,56,府前路-6(路邊停車格),  海安路口-金華路口兩側   ,,-1,0,6,0,0,0,0,0,,20元/時 ,22.991310，120.193901,,22.99131,120.193901
路邊停車格收費路段,57,府前路-7(路邊停車格),  金華路口-永華一街口兩側   ,,-1,0,8,0,0,0,0,0,,20元/時 ,22.991680，120.191994,,22.99168,120.191994
路邊停車格收費路段,61,民族路-1前段(路邊停車格),  育樂街口-中山路口   ,,-1,0,16,0,0,0,0,0,,累進費率:停車費率小型車以計時收費，計費方式以第一小時為20元、第二小時起每小時30元之費率；大型車輛則加倍計收；其停車時數未滿一小時者，以一小時計算收費,22.994403，120.214376,,22.994403,120.214376
路邊停車格收費路段,61,民族路-1後段,  育樂街口-中山路口   ,,-1,0,0,0,0,0,0,0,,累進費率第一小時20元/時，第二小時起每小時30元/時(北門路迄中山路口兩側),22.994490，120.210991,,22.99449,120.210991
路邊停車格收費路段,62,民族路-2(路邊停車格),  中山路口-公園路口南側   ,,-1,0,7,0,0,0,0,0,,累進費率:停車費率小型車以計時收費，計費方式以第一小時為20元、第二小時起每小時30元之費率；大型車輛則加倍計收；其停車時數未滿一小時者，以一小時計算收費,22.994930，120.208023,,22.99493,120.208023
路邊停車格收費路段,63,民族路-3(路邊停車格),  中山路口-公園路口北側   ,,-1,0,16,1,0,0,0,0,,累進費率:停車費率小型車以計時收費，計費方式以第一小時為20元、第二小時起每小時30元之費率；大型車輛則加倍計收；其停車時數未滿一小時者，以一小時計算收費,22.994921，120.208061,,22.994921,120.208061
路邊停車格收費路段,64,民族路-4(路邊停車格),  公園路口-忠義路口兩側   ,,-1,0,3,0,0,0,0,0,,累進費率:停車費率小型車以計時收費，計費方式以第一小時為20元、第二小時起每小時30元之費率；大型車輛則加倍計收；其停車時數未滿一小時者，以一小時計算收費,22.995831，120.205498,,22.995831,120.205498
路邊停車格收費路段,65,民族路-5(路邊停車格),  忠義路口-永福路口兩側   ,,-1,0,0,0,0,0,0,0,,累進費率:停車費率小型車以計時收費，計費方式以第一小時為20元、第二小時起每小時30元之費率；大型車輛則加倍計收；其停車時數未滿一小時者，以一小時計算收費,22.996481，120.203598,,22.996481,120.203598
路邊停車格收費路段,66,民族路-6(路邊停車格),  永福路口-西門路口兩側   ,,-1,0,0,0,0,0,0,0,,目前已無汽車停車格位。累進費率:停車費率小型車以計時收費，計費方式以第一小時為20元、第二小時起每小時30元之費率；大型車輛則加倍計收；其停車時數未滿一小時者，以一小時計算收費,22.997150，120.201569,,22.99715,120.201569
路邊停車格收費路段,67,民族路-7(路邊停車格),  西門路口-海安路口兩側   ,,-1,0,0,0,0,0,0,0,,累進費率:停車費率小型車以計時收費，計費方式以第一小時為20元、第二小時起每小時30元之費率；大型車輛則加倍計收；其停車時數未滿一小時者，以一小時計算收費,22.997671，120.199501,,22.997671,120.199501
路邊停車格收費路段,68,民族路-8(路邊停車格),  海安路口-金華路口兩側   ,,-1,0,0,0,0,0,0,0,,累進費率:停車費率小型車以計時收費，計費方式以第一小時為20元、第二小時起每小時30元之費率；大型車輛則加倍計收；其停車時數未滿一小時者，以一小時計算收費,22.998900，120.195801,,22.9989,120.195801
路邊停車格收費路段,69,民族路-9(路邊停車格),  金華路口-臨安路口兩側   ,,-1,0,10,0,0,0,0,0,,累進費率:停車費率小型車以計時收費，計費方式以第一小時為20元、第二小時起每小時30元之費率；大型車輛則加倍計收；其停車時數未滿一小時者，以一小時計算收費,22.999880，120.193024,,22.99988,120.193024
路邊停車格收費路段,71,民權路-1(路邊停車格),  東門圓環-青年路口南側   ,,-1,0,5,0,0,0,0,0,,20元/時 ,22.989700，120.210297,,22.9897,120.210297
路邊停車格收費路段,72,民權路-2(路邊停車格),  東門圓環-青年路口北側   ,,-1,0,6,0,0,0,0,0,,20元/時 ,22.989981，120.209907,,22.989981,120.209907
路邊停車格收費路段,73,民權路-3(路邊停車格),  青年路口-中山路口兩側   ,,-1,0,17,0,0,0,0,0,,20元/時 ,22.992344，120.207579,,22.992344,120.207579
路邊停車格收費路段,74,民權路-4(路邊停車格),  中山路口-公園路口兩側   ,,-1,0,11,1,0,0,0,0,,20元/時 ,22.994060，120.206177,,22.99406,120.206177
路邊停車格收費路段,75,民權路-5(路邊停車格),  公園路口-忠義路口兩側   ,,-1,0,13,0,0,0,0,0,,20元/時 ,22.994730，120.204132,,22.99473,120.204132
路邊停車格收費路段,76,民權路-6(路邊停車格),  忠義路口-永福路口兩側   ,,-1,0,10,0,0,0,0,0,,20元/時 ,22.995140，120.202759,,22.99514,120.202759
路邊停車格收費路段,77,民權路-7(路邊停車格),  永福路口-西門路口兩側   ,,-1,0,21,1,0,0,0,0,,20元/時 ,22.995810，120.200668,,22.99581,120.200668
路邊停車格收費路段,78,民權路-8(路邊停車格),  金華路口-大新街22巷口單側   ,,-1,0,13,1,0,0,0,0,,20元/時 ,22.999840，120.193133,,22.99984,120.193133
路邊停車格收費路段,81,民生路-1(路邊停車格),  民生綠園-忠義路口兩側   ,,-1,0,19,1,0,0,0,0,,20元/時 ,22.993151，120.203949,,22.993151,120.203949
路邊停車格收費路段,82,民生路-2(路邊停車格),  忠義路口-永福路口兩側   ,,-1,0,20,0,0,0,0,0,,20元/時 非都市計畫區,22.993601，120.202080,,22.993601,120.20208
路邊停車格收費路段,83,民生路-3(路邊停車格),  永福路口-西門路口兩側   ,,-1,0,15,0,0,0,0,0,,20元/時 ,22.994030，120.200668,,22.99403,120.200668
路邊停車格收費路段,84,民生路-4(路邊停車格),  西門路口-海安路口南側   ,,-1,0,2,0,0,0,0,0,,累進費率:停車費率小型車以計時收費，計費方式以第一小時為20元、第二小時起每小時30元之費率；大型車輛則加倍計收；其停車時數未滿一小時者，以一小時計算收費,22.994850，120.198250,,22.99485,120.19825
路邊停車格收費路段,85,民生路-5(路邊停車格),  西門路口-海安路口北側   ,,-1,0,3,1,0,0,9,0,,累進費率:停車費率小型車以計時收費，計費方式以第一小時為20元、第二小時起每小時30元之費率；大型車輛則加倍計收；其停車時數未滿一小時者，以一小時計算收費， 非都市計畫區,22.994881，120.198151,,22.994881,120.198151
路邊停車格收費路段,86,民生路-6(路邊停車格),  海安路口-金華路口兩側   ,,-1,0,9,0,0,0,0,0,,累進費率:停車費率小型車以計時收費，計費方式以第一小時為20元、第二小時起每小時30元之費率；大型車輛則加倍計收；其停車時數未滿一小時者，以一小時計算收費,22.995819，120.194969,,22.995819,120.194969
路邊停車格收費路段,87,民生路-7(路邊停車格),  金華路口-臨安路口兩側   ,,-1,0,17,1,0,0,0,0,,累進費率:停車費率小型車以計時收費，計費方式以第一小時為20元、第二小時起每小時30元之費率；大型車輛則加倍計收；其停車時數未滿一小時者，以一小時計算收費,22.996969，120.191277,,22.996969,120.191277
路邊停車格收費路段,88,民生路-8(路邊停車格),  臨安路口-中華西路口兩側   ,,-1,0,0,0,0,0,0,0,,20元/時 ,22.997861，120.187001,,22.997861,120.187001
路邊停車格收費路段,92,大埔街-2(路邊停車格),  大埔街89巷(大埔街口-樹林街口單側)   ,,-1,0,11,0,0,0,0,0,,20元/時 ,22.986750，120.207939,,22.98675,120.207939
路邊停車格收費路段,121,公園北路(路邊停車格),  公園路口-西門路口兩側   ,,-1,0,32,1,0,0,0,0,,20元/時 ,23.005288，120.206673,,23.005288,120.206673
路邊停車格收費路段,132,永華路-2(路邊停車格),  金華路口-中華西路口兩側   ,,-1,0,38,0,0,0,0,0,,20元/時 ,22.988394，120.190772,,22.988394,120.190772
路邊停車格收費路段,134,永華路-4,  平豐路口-光州路口兩側   ,,-1,0,36,0,0,0,0,0,,20元/時,22.991797，120.162021,,22.991797,120.162021
路邊停車格收費路段,138,永華路-5,  自光州路至安億路間   ,,-1,0,25,1,0,0,0,0,,20元/時,22.991088，120.157812,,22.991088,120.157812
路邊停車格收費路段,141,衛民街(路邊停車格),  北門路口-中山路口   ,,-1,0,16,0,0,0,0,0,,20元/時 ,22.992861，120.210983,,22.992861,120.210983
路邊停車格收費路段,172,五妃街-2(路邊停車格),  慶中街口-大同路口   ,,-1,0,35,0,0,0,0,0,,20元/時 ,22.982565，120.207344,,22.982565,120.207344
路邊停車格收費路段,182,忠義路-2(路邊停車格),  府前路口起至中正路口間   ,,-1,0,8,0,0,0,0,0,,20元/時,22.990453，120.202354,,22.990453,120.202354
路邊停車格收費路段,183,忠義路-3(路邊停車格),  成功路口到公園北路口兩側   ,,-1,0,9,0,0,0,0,0,,20元/時 ,23.003393，120.213371,,23.003393,120.213371
路邊停車格收費路段,184,忠義路-4(路邊停車格),  民生路口-民族路口兩側   ,,-1,0,27,1,0,0,0,0,,20元/時 ,22.994631，120.203453,,22.994631,120.203453
路邊停車格收費路段,185,忠義路-5(路邊停車格),  民族路口-成功路口兩側   ,,-1,0,18,0,0,0,0,0,,20元/時 ,22.997379，120.204514,,22.997379,120.204514
路邊停車格收費路段,186,忠義路-6(路邊停車格),  成功路口-公園南路口兩側   ,,-1,0,30,0,0,0,0,0,,20元/時 ,23.000151，120.205597,,23.000151,120.205597
路邊停車格收費路段,191,友愛街-1(路邊停車格),  忠義路口至開山路口(原至南門路口)   ,,-1,0,4,0,0,0,0,0,,20元/時,22.990900，120.205440,,22.9909,120.20544
路邊停車格收費路段,192,友愛街-2(路邊停車格),  忠義路口到永福路口   ,,-1,0,20,0,0,0,0,0,,20元/時,22.990897，120.202172,,22.990897,120.202172
路邊停車格收費路段,201,西門路-1(路邊停車格),  大成路口-健康路口兩側   ,,-1,0,12,0,0,0,0,0,,20元/時 ,22.980631，120.197639,,22.980631,120.197639
路邊停車格收費路段,202,西門路-2(路邊停車格),  健康路口-永華路口兩側   ,,-1,0,23,0,0,0,0,0,,累進費率:停車費率小型車以計時收費，計費方式以第一小時為20元、第二小時起每小時30元之費率；大型車輛則加倍計收；其停車時數未滿一小時者，以一小時計算收費,22.985436，120.197057,,22.985436,120.197057
路邊停車格收費路段,203,西門路-3(路邊停車格),  永華路口-府前路口兩側   ,,-1,0,11,1,0,0,0,0,,累進費率:停車費率小型車以計時收費，計費方式以第一小時為20元、第二小時起每小時30元之費率；大型車輛則加倍計收；其停車時數未滿一小時者，以一小時計算收費,22.987650，120.197540,,22.98765,120.19754
路邊停車格收費路段,204,西門路-4(路邊停車格),  府前路口-民生路口兩側   ,,-1,0,21,0,0,0,0,0,,累進費率:停車費率小型車以計時收費，計費方式以第一小時為20元、第二小時起每小時30元之費率；大型車輛則加倍計收；其停車時數未滿一小時者，以一小時計算收費,22.993620，120.198914,,22.99362,120.198914
路邊停車格收費路段,205,西門路-5(路邊停車格),  民生路口-西門圓環   ,,-1,0,15,0,0,0,0,0,,累進費率:停車費率小型車以計時收費，計費方式以第一小時為20元、第二小時起每小時30元之費率；大型車輛則加倍計收；其停車時數未滿一小時者，以一小時計算收費,22.995411，120.199410,,22.995411,120.19941
路邊停車格收費路段,206,西門路-6(路邊停車格),  西門圓環-成功路口兩側   ,,-1,0,3,0,0,0,0,0,,20元/時 ,22.998880，120.200760,,22.99888,120.20076
路邊停車格收費路段,207,西門路-7(路邊停車格),  成功路口-公園北路口兩側   ,,-1,0,51,2,0,0,0,0,,20元/時 ,23.000839，120.202148,,23.000839,120.202148
路邊停車格收費路段,208,西門路-8(路邊停車格),  公園北路口-和緯路口兩側   ,,-1,0,91,1,0,0,0,0,,20元/時 ,23.009840，120.208038,,23.00984,120.208038
路邊停車格收費路段,209,西門路-9(路邊停車格),  和緯路口-正覺街口兩側   ,,-1,0,71,3,0,0,0,0,,20元/時 ,23.012991，120.209228,,23.012991,120.209228
路邊停車格收費路段,211,開山路-1(路邊停車格),  民生綠園-府前路口西側   ,,-1,0,20,1,0,0,0,0,,20元/時 ,22.990650，120.206398,,22.99065,120.206398
路邊停車格收費路段,212,開山路-2(路邊停車格),  民生綠園-府前路口東側   ,,-1,0,15,0,0,0,0,0,,20元/時 ,22.990150，120.206749,,22.99015,120.206749
路邊停車格收費路段,223,永福路-3(路邊停車格),  民生路口-民族路口兩側   ,,-1,0,20,0,0,0,0,0,,20元/時 ,22.994780，120.201576,,22.99478,120.201576
路邊停車格收費路段,231,青年路-1(路邊停車格),  民生綠園-民權路口兩側   ,,-1,0,16,1,0,0,0,0,,20元/時,22.992241，120.206863,,22.992241,120.206863
路邊停車格收費路段,232,青年路-2(路邊停車格),  民權路口-興華街口兩側   ,,-1,0,8,0,0,0,0,0,,20元/時 ,22.992050，120.208153,,22.99205,120.208153
路邊停車格收費路段,233,青年路-3(路邊停車格),  興華街口-北門路口兩側   ,,-1,0,9,0,0,0,0,0,,20元/時 ,22.991671，120.210831,,22.991671,120.210831
路邊停車格收費路段,251,康樂街-1(路邊停車格),  民生路口-中正路口兩側   ,,-1,0,12,0,0,0,0,0,,20元/時 ,22.994657，120.194931,,22.994657,120.194931
路邊停車格收費路段,252,康樂街-2(路邊停車格),  中正路口-大勇街口兩側   ,,-1,0,19,0,0,0,0,0,,20元/時 ,22.991400，120.194183,,22.9914,120.194183
路邊停車格收費路段,261,赤崁街(路邊停車格),  民族路口-成功路口   ,,-1,0,21,0,0,0,0,0,,20元/時 ,22.998906，120.202725,,22.998906,120.202725
路邊停車格收費路段,271,公園路-1(路邊停車格),  民生綠園-民族路口兩側   ,,-1,0,31,0,0,0,0,0,,20元/時 ,22.994780，120.205544,,22.99478,120.205544
路邊停車格收費路段,272,公園路-2(路邊停車格),  民族路口-成功路口東側   ,,-1,0,20,1,0,0,0,0,,20元/時 ,22.996790，120.206352,,22.99679,120.206352
路邊停車格收費路段,273,公園路-3(路邊停車格),  民族路口-成功路口西側   ,,-1,0,12,1,0,0,0,0,,20元/時，非都市計畫區,22.996220，120.206070,,22.99622,120.20607
路邊停車格收費路段,275,公園路5,  和緯路至延平國中門口   ,,-1,0,10,0,0,0,0,0,,每小時20元,23.009948，120.210606,,23.009948,120.210606
路邊停車格收費路段,281,勝利路-1,  東門城-至大學路口   ,,-1,0,39,0,0,0,0,0,,累進費率:停車費率小型車以計時收費，計費方式以第一小時為20元、第二小時起每小時30元之費率；大型車輛則加倍計收；其停車時數未滿一小時者，以一小時計算收費,22.990649，120.217660,,22.990649,120.21766
路邊停車格收費路段,282,勝利路-2,  大學路口-小東路口   ,,-1,0,33,0,0,0,0,0,,累進費率:停車費率小型車以計時收費，計費方式以第一小時為20元、第二小時起每小時30元之費率；大型車輛則加倍計收；其停車時數未滿一小時者，以一小時計算收費,22.999913，120.218411,,22.999913,120.218411
路邊停車格收費路段,283,勝利路-3,  小東路口-東豐路口兩側   ,,-1,0,25,0,0,0,0,0,,累進費率:停車費率小型車以計時收費，計費方式以第一小時為20元、第二小時起每小時30元之費率；大型車輛則加倍計收；其停車時數未滿一小時者，以一小時計算收費,23.002118，120.218601,,23.002118,120.218601
路邊停車格收費路段,284,勝利路-4(路邊停車格),  東豐路口-開元路口兩側   ,,-1,0,15,1,0,0,0,0,,20元/時 ,23.005220，120.218910,,23.00522,120.21891
路邊停車格收費路段,291,大學路-1(路邊停車格),  前鋒路口-勝利路口兩側   ,,-1,0,0,2,0,0,0,0,,累進費率:停車費率小型車以計時收費，計費方式以第一小時為20元、第二小時起每小時30元之費率；大型車輛則加倍計收；其停車時數未滿一小時者，以一小時計算收費、機車20元/次,22.996571，120.216248,,22.996571,120.216248
路邊停車格收費路段,291,大學路-1,  前鋒路口-勝利路口   ,,-1,0,0,2,0,0,0,0,,累進費率第一小時20元/時第二小時起每小時30元/時,22.996786，120.214181,,22.996786,120.214181
路邊停車格收費路段,292,大學路-2,  勝利路口-長榮路口   ,,-1,0,11,0,0,0,0,0,,累進費率:停車費率小型車以計時收費，計費方式以第一小時為20元、第二小時起每小時30元之費率；大型車輛則加倍計收；其停車時數未滿一小時者，以一小時計算收費,22.996184，120.219342,,22.996184,120.219342
路邊停車格收費路段,301,南門路-1(路邊停車格),  民生綠園-府前路口兩側   ,,-1,0,15,4,0,0,0,0,,20元/時 ,22.990330，120.204758,,22.99033,120.204758
路邊停車格收費路段,302,南門路-2(路邊停車格),  府前路口-南寧街口兩側   ,,-1,0,46,2,0,0,0,0,,20元/時 ,22.988050，120.204498,,22.98805,120.204498
路邊停車格收費路段,304,南門路-4(路邊停車格),  五妃街口-健康路口兩側   ,,-1,0,2,0,0,0,0,0,,20元/時 ,22.982340，120.203796,,22.98234,120.203796
路邊停車格收費路段,305,南門路-5(路邊停車格),  健康路口-勞工中心兩側   ,,-1,0,20,3,0,0,0,0,,20元/時 ,22.981354，120.203566,,22.981354,120.203566
路邊停車格收費路段,306,南門路-6(路邊停車格),  興中街口至大成路口兩側   ,,-1,0,14,0,0,0,0,0,,20元/時,22.977783，120.203527,,22.977783,120.203527
路邊停車格收費路段,307,國民路-1(路邊停車格),  大成路口至中華南路口兩側   ,,-1,0,57,0,0,0,0,0,,20元/時,22.973324，120.205860,,22.973324,120.20586
路邊停車格收費路段,311,西華街-1(路邊停車格),  公園南路口-成功路口兩側   ,,-1,0,16,1,0,0,0,0,,汽車20元/時 ,22.999188，120.210565,,22.999188,120.210565
路邊停車格收費路段,312,西華街-2(路邊停車格),  成功路口-中山路口   ,,-1,0,4,0,0,0,0,0,,累進費率:停車費率小型車以計時收費，計費方式以第一小時為20元、第二小時起每小時30元之費率；大型車輛則加倍計收；其停車時數未滿一小時者，以一小時計算收費,22.997032，120.210033,,22.997032,120.210033
路邊停車格收費路段,321,金華路-1(路邊停車格),  中華南路口-新興路口兩側   ,,-1,0,0,0,0,0,0,0,,20元/時 ,22.970404，120.190481,,22.970404,120.190481
路邊停車格收費路段,322,金華路-2(路邊停車格),  新興路口-健康路口兩側   ,,-1,0,45,1,0,0,0,0,,20元/時 ,22.979839，120.191361,,22.979839,120.191361
路邊停車格收費路段,323,金華路-3(路邊停車格),  健康路口-建南路口兩側   ,,-1,0,33,0,0,0,0,0,,20元/時 ,22.983410，120.191643,,22.98341,120.191643
路邊停車格收費路段,325,金華路-5(路邊停車格),  永華路口-府前路口兩側   ,,-1,0,21,0,0,0,0,0,,20元/時 ,22.989790，120.192383,,22.98979,120.192383
路邊停車格收費路段,326,金華路-6(路邊停車格),  府前路口-民生路口兩側   ,,-1,0,28,0,0,0,0,0,,20元/時 非都市計畫區,22.994659，120.193550,,22.994659,120.19355
路邊停車格收費路段,327,金華路-7(路邊停車格),  民生路口-成功路口兩側   ,,-1,0,45,1,0,0,0,0,,20元/時 ,22.999840，120.195389,,22.99984,120.195389
路邊停車格收費路段,328,金華路-8(路邊停車格),  成功路口-臨安路口兩側   ,,-1,0,6,0,0,0,0,0,,20元/時 ,23.001780，120.196190,,23.00178,120.19619
路邊停車格收費路段,331,大同路-1(路邊停車格),  東門圓環-開山路口兩側   ,,-1,0,33,4,0,0,0,0,,20元/時 ,22.987209，120.211342,,22.987209,120.211342
路邊停車格收費路段,332,大同路-2(路邊停車格),  開山路口-健康路口兩側   ,,-1,0,21,0,0,0,0,0,,20元/時 ,22.983611，120.211011,,22.983611,120.211011
路邊停車格收費路段,334,大同路-4(路邊停車格),  大同路二段19巷4弄2號正前方   ,,-1,0,5,0,0,0,0,0,,20元/時,22.980550，120.212582,,22.98055,120.212582
路邊停車格收費路段,361,西門環-1(路邊停車格),  西門圓環東北角-東南角   ,,-1,0,35,1,0,0,0,0,,累進費率:停車費率小型車以計時收費，計費方式以第一小時為20元、第二小時起每小時30元之費率；大型車輛則加倍計收；其停車時數未滿一小時者，以一小時計算收費,22.997700，120.200371,,22.9977,120.200371
路邊停車格收費路段,362,西門環-2(路邊停車格),  西門圓環西北角-西南角   ,,-1,0,46,1,0,0,0,0,,累進費率:停車費率小型車以計時收費，計費方式以第一小時為20元、第二小時起每小時30元之費率；大型車輛則加倍計收；其停車時數未滿一小時者，以一小時計算收費,22.997749，120.199781,,22.997749,120.199781
路邊停車格收費路段,391,健康路-1(路邊停車格),  大同路口-法華街口兩側(前段)   ,,-1,0,7,0,0,0,0,0,,累進費率:停車費率小型車以計時收費，計費方式以第一小時為20元、第二小時起每小時30元之費率；大型車輛則加倍計收；其停車時數未滿一小時者，以一小時計算收費 都市計畫區,22.981371，120.208740,,22.981371,120.20874
路邊停車格收費路段,391,健康路-1(路邊停車格),  大同路迄至法華街口及忠烈祠旁巷道(健康路口-體育公園)(後段)   ,,-1,0,0,0,0,0,0,0,,原20格，已改體育園區竹溪流域園區,22.981371，120.208740,,22.981371,120.20874
路邊停車格收費路段,392,健康路-2(路邊停車格),  法華街口-南門路口兩側   ,,-1,0,41,1,0,0,0,0,,累進費率:停車費率小型車以計時收費，計費方式以第一小時為20元、第二小時起每小時30元之費率；大型車輛則加倍計收；其停車時數未滿一小時者，以一小時計算收費,22.981343，120.206700,,22.981343,120.2067
路邊停車格收費路段,393,健康路-3(路邊停車格),  南門路口-西門路口兩側   ,,-1,0,43,2,0,0,0,0,,累進費率:停車費率小型車以計時收費，計費方式以第一小時為20元、第二小時起每小時30元之費率；大型車輛則加倍計收；其停車時數未滿一小時者，以一小時計算收費 ,22.981545，120.199820,,22.981545,120.19982
路邊停車格收費路段,394,健康路-4(路邊停車格),  西門路口-夏林路口兩側   ,,-1,0,13,1,0,0,0,0,,20元/時，非都市計畫區 ,22.981501，120.195900,,22.981501,120.1959
路邊停車格收費路段,395,健康路-5(路邊停車格),  夏林路口-金華路口兩側   ,,-1,0,27,0,0,0,0,0,,20元/時 ,22.981541，120.192970,,22.981541,120.19297
路邊停車格收費路段,396,健康路-6(路邊停車格),  金華路口-中華西路口兩側   ,,-1,0,26,0,0,0,0,0,,20元/時 ,22.982040，120.187248,,22.98204,120.187248
路邊停車格收費路段,397,健康路-7,  中華西路至建平路間兩側   ,,-1,0,20,0,0,0,0,0,,每小時20元,22.982286，120.185409,,22.982286,120.185409
路邊停車格收費路段,398,健康路-8,  建平路至光州路間雙側，1090901開始收費   ,,-1,0,235,16,0,0,0,2,,每小時20元，收費時間08:00至22:00，汽車共251席,22.984504，120.168943,,22.984504,120.168943
路邊停車格收費路段,411,中成路(路邊停車格),  民族路口-成功路口兩側   ,,-1,0,24,1,0,0,0,0,,20元/時 ,22.996420，120.205002,,22.99642,120.205002
路邊停車格收費路段,422,東寧路-2(路邊停車格),  長榮路口-林森路口兩側   ,,-1,0,11,0,0,0,0,0,,20元/時 ,22.991859，120.222160,,22.991859,120.22216
路邊停車格收費路段,423,東寧路-3(路邊停車格),  林森路口-東興路口兩側   ,,-1,0,14,0,0,0,0,0,,20元/時 ,22.990459，120.226509,,22.990459,120.226509
路邊停車格收費路段,424,東寧路-4(路邊停車格),  東興路口-後甲圓環兩側   ,,-1,0,17,0,0,0,0,0,,20元/時 ,22.989651，120.229134,,22.989651,120.229134
路邊停車格收費路段,432,長榮路-2(路邊停車格),  東門路口-東寧路口兩側   ,,-1,0,42,0,0,0,0,0,,20元/時 ,22.990210，120.220573,,22.99021,120.220573
路邊停車格收費路段,436,長榮路-6(路邊停車格),  開元路口-長勝路口兩側   ,,-1,0,20,21,0,0,0,0,,20元/時 ,23.008921，120.220650,,23.008921,120.22065
路邊停車格收費路段,437,長榮路-7(路邊停車格),  長勝路口至長榮地下道   ,,-1,0,9,0,0,0,0,0,,20元/時,23.009504，120.220678,,23.009504,120.220678
路邊停車格收費路段,438,長榮路-8(路邊停車格),  長榮地下道至公園路口   ,,-1,0,23,0,0,0,0,0,,20元/時,23.012866，120.216649,,23.012866,120.216649
路邊停車格收費路段,439,長勝路,  長榮路至開元路249巷，1110115收費   ,,-1,0,48,1,0,0,0,0,,每小時20元，都市計畫區,23.009410，120.220309,,23.00941,120.220309
路邊停車格收費路段,441,前鋒路-1(路邊停車格),  青年路口-民族路口兩側   ,,-1,0,19,0,0,0,0,0,,20元/時 ,22.992121，120.212929,,22.992121,120.212929
路邊停車格收費路段,442,前鋒路-2(路邊停車格),  民族路口-小東路口兩側   ,,-1,0,24,8,0,0,758,0,,汽車20元/時、機車20元/次,22.995550，120.213371,,22.99555,120.213371
路邊停車格收費路段,444,前鋒路-4(路邊停車格),  東豐路口-開元路口兩側   ,,-1,0,8,0,0,0,0,0,,20元/時 ,23.005390，120.216011,,23.00539,120.216011
路邊停車格收費路段,457,復興路,  復興路277巷至營區門口   ,,-1,0,10,1,0,0,0,0,,每小時20元,22.998576，120.242417,,22.998576,120.242417
路邊停車格收費路段,458,復國路,  復興路87巷至復興路   ,,-1,0,9,0,0,0,0,0,,每小時20元,23.000907，120.246327,,23.000907,120.246327
路邊停車格收費路段,459,復國路87巷,  復國路至道路終點   ,,-1,0,8,0,0,0,0,0,,每小時20元,23.001097，120.245826,,23.001097,120.245826
路邊停車格收費路段,460,崑大路,  大灣路至永大路間雙側   ,,-1,0,68,3,0,0,169,0,,計次收費，每6小時一次30元,22.998412，120.253200,,22.998412,120.2532
路邊停車格收費路段,513,中華西路二段12巷,  1100209開始收費   ,,-1,0,6,0,0,0,0,0,,每小時20元,22.987499，120.187234,,22.987499,120.187234
路邊停車格收費路段,521,北忠街(路邊停車格),  北門路口-忠義路口兩側   ,,-1,0,32,0,0,0,0,0,,20元/時 ,22.999247，120.209877,,22.999247,120.209877
路邊停車格收費路段,531,夏林路-1(路邊停車格),  新興路口-建南路口兩側   ,,-1,0,111,6,0,0,0,0,,20元/時 ,22.980702，120.195088,,22.980702,120.195088
路邊停車格收費路段,541,廣慈街(路邊停車格),  成功路口-民族路口   ,,-1,0,11,0,0,0,0,0,,20元/時 ,22.996417，120.206777,,22.996417,120.206777
路邊停車格收費路段,551,海安路-1(路邊停車格),  永華路口-府前路口兩側   ,,-1,0,53,0,0,0,0,0,,累進費率:停車費率小型車以計時收費，計費方式以第一小時為20元、第二小時起每小時30元之費率；大型車輛則加倍計收；其停車時數未滿一小時者，以一小時計算收費,22.988948，120.194919,,22.988948,120.194919
路邊停車格收費路段,552,海安路-2(路邊停車格),  府前路口-中正路口兩側   ,,-1,0,0,0,0,0,0,0,,20元/時 ,22.991841，120.195590,,22.991841,120.19559
路邊停車格收費路段,553,海安路-3(路邊停車格),  中正路口-民生路口兩側   ,,-1,0,0,0,0,0,0,0,,20元/時 ,22.994073，120.196121,,22.994073,120.196121
路邊停車格收費路段,554,海安路-4(路邊停車格),  民生路口-民族路口兩側   ,,-1,0,0,0,0,0,0,0,,20元/時 ,22.996366，120.196863,,22.996366,120.196863
路邊停車格收費路段,556,海安路-6(路邊停車格),  臨安路口-文成一路口兩側   ,,-1,0,78,3,0,0,0,0,,20元/時 ,23.005677，120.199803,,23.005677,120.199803
路邊停車格收費路段,557,海安路-7(路邊停車格),  文成一路口-中華北路口兩側   ,,-1,0,83,0,0,0,0,0,,20元/時 ,23.015328，120.200418,,23.015328,120.200418
路邊停車格收費路段,558,海安路三段135巷,  文賢一路至海安路   ,,-1,0,23,0,0,0,0,0,,每小時20元,23.004584，120.196962,,23.004584,120.196962
路邊停車格收費路段,573,崇明路-3(路邊停車格),  林森路口-崇學路口兩側   ,,-1,0,39,1,0,0,0,0,,20元/時 ,22.979524，120.217656,,22.979524,120.217656
路邊停車格收費路段,574,崇明路-4(路邊停車格),  崇學路口-中華東路口兩側   ,,-1,0,46,1,0,0,0,0,,20元/時 ,22.975003，120.222471,,22.975003,120.222471
路邊停車格收費路段,576,崇明路-6(路邊停車格),  中華東路口-崇德路口兩側   ,,-1,0,77,3,0,0,0,0,,20元/時 ,22.972464，120.225186,,22.972464,120.225186
路邊停車格收費路段,582,中華東路-2(路邊停車格),  崇明路口-大同路口兩側   ,,-1,0,20,0,0,0,0,0,,累進費率:停車費率小型車以計時收費，計費方式以第一小時為20元、第二小時起每小時30元之費率；大型車輛則加倍計收；其停車時數未滿一小時者，以一小時計算收費,22.973650，120.220990,,22.97365,120.22099
路邊停車格收費路段,591,體育路(路邊停車格),  健康路口-五妃街口兩側   ,,-1,0,20,0,0,0,0,0,,20元/時 ,22.981929，120.207085,,22.981929,120.207085
路邊停車格收費路段,592,體育路-2(路邊停車格),  體育園區路段(健康路一段至健康路133巷)   ,,-1,0,26,0,0,0,0,0,,上午8時至晚間22時，計時收費，每小時20元，,22.978912，120.207148,,22.978912,120.207148
路邊停車格收費路段,592,體育路-2(路邊停車格),  健康路口至健康路一段133巷   ,,-1,0,26,0,0,0,0,0,,每小時20元,22.978868，120.207167,,22.978868,120.207167
路邊停車格收費路段,601,林森路-1(路邊停車格),  崇明路口-東門路口兩側   ,,-1,0,91,7,0,0,0,0,,20元/時，非都市計畫區 ,22.982312，120.216603,,22.982312,120.216603
路邊停車格收費路段,602,林森路-2(路邊停車格),  東門路口-東寧路口兩側   ,,-1,0,98,0,0,0,0,0,,20元/時 ,22.986575，120.222656,,22.986575,120.222656
路邊停車格收費路段,605,林森路-5(路邊停車格),  林森路2段192巷(林森路口-東寧路口單側)   ,,-1,0,10,0,0,0,0,0,,20元/時 ,22.989107，120.223755,,22.989107,120.223755
路邊停車格收費路段,611,府連路(路邊停車格),  健康路口-大同路口兩側   ,,-1,0,37,1,0,0,3,2,,20元/時 非都市計畫區,22.981471，120.209644,,22.981471,120.209644
路邊停車格收費路段,641,萬昌街(路邊停車格),  民族路口-衛民街口   ,,-1,0,12,1,0,0,0,0,,20元/時 ,22.993646，120.210663,,22.993646,120.210663
路邊停車格收費路段,653,育樂街-3(路邊停車格),  育樂街66巷(育樂街口-大學路西段口)   ,,-1,0,11,0,0,0,0,0,,20元/時 ,22.995671，120.215788,,22.995671,120.215788
路邊停車格收費路段,681,尊王路(路邊停車格),  西門路口-環河街口兩側   ,,-1,0,20,0,0,0,0,0,,20元/時 ,22.992095，120.193706,,22.992095,120.193706
路邊停車格收費路段,701,台南機場-1(路邊停車格),  空軍基地大門-航空站兩側   ,,-1,0,120,0,0,0,0,0,,20元/時 ,22.949844，120.216678,,22.949844,120.216678
路邊停車格收費路段,702,台南機場-2(路邊停車格),  大同路口-空軍基地大門兩側   ,,-1,0,36,0,0,0,0,0,,20元/時 ,22.959640，120.216619,,22.95964,120.216619
路邊停車格收費路段,712,健康路133巷(路邊停車格),  健康路一段133巷全   ,,-1,0,10,0,0,0,0,1,,20元/時,22.977828，120.208049,,22.977828,120.208049
路邊停車格收費路段,722,崇善路-2(路邊停車格),  中華東路口至生產路口兩側   ,,-1,0,61,0,0,0,0,0,,20元/時,22.977463，120.227407,,22.977463,120.227407
路邊停車格收費路段,726,崇善四街(路邊停車格),  崇善路至仁和路間   ,,-1,0,8,0,0,0,0,0,,20元/時,22.975058，120.230445,,22.975058,120.230445
路邊停車格收費路段,731,崇學路(路邊停車格),  崇明路口-東門路口兩側   ,,-1,0,60,0,0,0,0,0,,20元/時 ,22.978822，120.222314,,22.978822,120.222314
路邊停車格收費路段,732,崇學路20巷,  崇學路至榮譽街間，1100601收費，機車免費   ,,-1,0,0,2,0,0,0,0,,每小時20元，非都市計畫區,22.977815，120.221285,,22.977815,120.221285
路邊停車格收費路段,741,崇道路(路邊停車格),  崇明路口-崇善路口兩側   ,,-1,0,30,2,0,0,0,0,,20元/時 ,22.972129，120.226984,,22.972129,120.226984
路邊停車格收費路段,751,怡東路(路邊停車格),  東寧路口-東平路口兩側   ,,-1,0,19,0,0,0,0,0,,20元/時 ,22.993157，120.228090,,22.993157,120.22809
路邊停車格收費路段,761,東光路-1(路邊停車格),  東寧路口-東平路口兩側   ,,-1,0,32,0,0,0,0,0,,20元/時 ,22.994103，120.231216,,22.994103,120.231216
路邊停車格收費路段,762,東光路-2(路邊停車格),  東平路口-小東路口兩側   ,,-1,0,4,1,0,0,0,0,,20元/時 ,22.996345，120.231455,,22.996345,120.231455
路邊停車格收費路段,771,東興路-1(路邊停車格),  東寧路口-小東路口兩側   ,,-1,0,50,1,0,0,0,0,,20元/時 ,22.991067，120.228721,,22.991067,120.228721
路邊停車格收費路段,772,東興路-2(路邊停車格),  小東路口-東豐路口兩側   ,,-1,0,35,0,0,0,0,0,,20元/時 ,22.999779，120.229355,,22.999779,120.229355
路邊停車格收費路段,781,東安路(路邊停車格),  東寧路口-東和路口兩側   ,,-1,0,53,1,0,0,0,0,,20元/時 ,22.993035，120.226460,,22.993035,120.22646
路邊停車格收費路段,791,東平路-1(路邊停車格),  東興路口-後甲國中後門兩側   ,,-1,0,25,0,0,0,0,0,,20元/時 非都市計畫區,22.995513，120.228333,,22.995513,120.228333
路邊停車格收費路段,792,東平路-2(路邊停車格),  中華東路口-東興路口兩側   ,,-1,0,15,0,0,0,0,0,,20元/時 ,22.995067，120.231502,,22.995067,120.231502
路邊停車格收費路段,811,凱旋路-1(路邊停車格),  東興路口-東安路口兩側   ,,-1,0,5,0,0,0,0,0,,20元/時 ,22.993461，120.227176,,22.993461,120.227176
路邊停車格收費路段,812,凱旋路-2(路邊停車格),  中華東路口-東興路口兩側   ,,-1,0,58,0,0,0,0,0,,20元/時 ,22.993007，120.231072,,22.993007,120.231072
路邊停車格收費路段,821,莊敬路(路邊停車格),  凱旋路口-小東路口兩側   ,,-1,0,39,0,0,0,0,0,,20元/時 ,22.997106，120.233062,,22.997106,120.233062
路邊停車格收費路段,841,東門路-1(路邊停車格),  東門陸橋-長榮路口兩側   ,,-1,0,40,2,0,0,0,0,,20元/時 ,22.987284，120.217616,,22.987284,120.217616
路邊停車格收費路段,842,東門路-2(路邊停車格),  長榮路口-林森路口兩側   ,,-1,0,20,0,0,0,0,0,,20元/時,22.986330，120.219820,,22.98633,120.21982
路邊停車格收費路段,843,東門路-3(路邊停車格),  林森路口-中華東路口兩側   ,,-1,0,22,0,0,0,0,0,,20元/時 ,22.982976，120.226746,,22.982976,120.226746
路邊停車格收費路段,844,東門路三段266巷,  1100501收費，煙波四季大樓前方道路   ,,-1,0,18,0,0,0,48,0,,每小時20元，非都市計畫區,22.975651，120.235867,,22.975651,120.235867
路邊停車格收費路段,845,東門路二段158巷,  東門路至光華街，1110401收費，都市計畫區   ,,-1,0,2,0,0,0,0,0,,每小時20元,22.984465，120.220453,,22.984465,120.220453
路邊停車格收費路段,852,慶平路-2(路邊停車格),  文平路口-華平路口兩側   ,,-1,0,30,0,0,0,0,0,,20元/時 ,22.996906，120.178357,,22.996906,120.178357
路邊停車格收費路段,871,平通路-1(路邊停車格),  文平路口-永華六街兩側   ,,-1,0,20,0,0,0,0,0,,20元/時 ,22.992803，120.177232,,22.992803,120.177232
路邊停車格收費路段,872,平通路-2(路邊停車格),  永華六街-健康三街兩側   ,,-1,0,89,0,0,0,0,0,,20元/時 ,22.993678，120.171046,,22.993678,120.171046
路邊停車格收費路段,901,育平路(路邊停車格),  郡平路口-永華路口兩側   ,,-1,0,14,0,0,0,0,0,,20元/時 ,22.990070，120.167050,,22.99007,120.16705
路邊停車格收費路段,902,育平路-2(路邊停車格),  永華路至慶平路口   ,,-1,0,32,1,0,0,0,0,,20元/時,22.992713，120.167632,,22.992713,120.167632
路邊停車格收費路段,925,崇德路-5(路邊停車格),  崇德17街口-崇明路口兩側   ,,-1,0,17,0,0,0,0,0,,20元/時 ,22.967683，120.227508,,22.967683,120.227508
路邊停車格收費路段,926,崇德路-6(路邊停車格),  崇明路口-生產路口兩側   ,,-1,0,15,0,0,0,0,0,,20元/時 ,22.966288，120.227499,,22.966288,120.227499
路邊停車格收費路段,931,新興路-1(路邊停車格),  西門路口-夏林路口兩側   ,,-1,0,20,2,0,0,0,0,,20元/時 ,22.978703，120.195868,,22.978703,120.195868
路邊停車格收費路段,932,新興路-2(路邊停車格),  夏林路口-金華路口兩側   ,,-1,0,21,0,0,0,0,0,,20元/時 ,22.977894，120.194720,,22.977894,120.19472
路邊停車格收費路段,951,水交社路(路邊停車格),  健康路口-新興東路口兩側   ,,-1,0,9,0,0,0,0,0,,20元/時 ,22.980587，120.200652,,22.980587,120.200652
路邊停車格收費路段,953,興昌路(路邊停車格),  西門路口迄至水交社路口間   ,,-1,0,30,2,0,0,41,0,,20元/時,22.976829，120.199896,,22.976829,120.199896
路邊停車格收費路段,954,興中街63巷(路邊停車格),  自南門路至水交社一街間   ,,-1,0,10,0,0,0,0,0,,20元/時,22.976967，120.202545,,22.976967,120.202545
路邊停車格收費路段,962,大林路32巷,  體育園區內大林路32巷共4個路段   ,,-1,0,56,0,0,0,0,0,,每小時20元，位於都市計畫區,22.976289，120.212160,,22.976289,120.21216
路邊停車格收費路段,971,崇德一街(路邊停車格),  崇德路口-崇善路口兩側   ,,-1,0,26,0,0,0,0,0,,20元/時 ,22.980846，120.220262,,22.980846,120.220262
路邊停車格收費路段,983,國平北路-1,  國平東路至國平南路間(北側)1091101收費   ,,-1,0,69,0,0,0,6,1,,每小時20元，都市計畫區,22.983211，120.168940,,22.983211,120.16894
路邊停車格收費路段,984,國平北路-2,  國平東路至國平南路間(南側)1091101收費   ,,-1,0,70,2,0,0,17,0,,每小時20元，都市計畫區,22.982905，120.169466,,22.982905,120.169466
路邊停車格收費路段,991,健康三街(路邊停車格),  健康路口-慶平路口兩側   ,,-1,0,141,0,0,0,0,0,,20元/時 ,22.990372，120.168852,,22.990372,120.168852
路邊停車格收費路段,1001,建平十七街(路邊停車格),  建平路口至華平(901101收費)慶平路口兩側941005收費，委外收費   ,,-1,0,71,0,0,0,0,0,,每小時20元,22.997530，120.180139,,22.99753,120.180139
路邊停車格收費路段,1002,永華三街,  怡平路至建平11街   ,,-1,0,24,0,0,0,0,0,,每小時20元,22.993934，120.181781,,22.993934,120.181781
路邊停車格收費路段,1042,臨安路-2(路邊停車格),  臨安路二段90巷與康樂街交叉口   ,,-1,0,5,0,0,0,0,0,,20元∕時,23.002843，120.198356,,23.002843,120.198356
路邊停車格收費路段,1051,慶東街-1(路邊停車格),  東門路口-青年路口東側   ,,-1,0,20,0,0,0,0,0,,20元/時 ,22.987682，120.216164,,22.987682,120.216164
路邊停車格收費路段,1052,慶東街-2(路邊停車格),  青年路口-東寧路口西側   ,,-1,0,15,0,0,0,0,0,,20元/時 ,22.991854，120.216515,,22.991854,120.216515
路邊停車格收費路段,1081,和緯路-1,  北門路口至公園路口兩側971120收費   ,,-1,0,70,0,0,0,0,0,,每小時20元,23.010286，120.212099,,23.010286,120.212099
路邊停車格收費路段,1082,和緯路-2,  公園路口至西門路口兩側910701收費   ,,-1,0,19,0,0,0,0,0,,每小時20元,23.011146，120.209448,,23.011146,120.209448
路邊停車格收費路段,1083,和緯路-3,  西門路口至文賢路口兩側1041015收費   ,,-1,0,145,0,0,0,0,0,,每小時20元,23.012212，120.206037,,23.012212,120.206037
路邊停車格收費路段,1084,和緯路-4(路邊停車格),  文賢路口-武聖路口兩側   ,,-1,0,77,0,0,0,0,0,,20元/時 ,23.008227，120.189292,,23.008227,120.189292
路邊停車格收費路段,1085,和緯路-5(路邊停車格),  武聖路口迄華平路口兩側   ,,-1,0,84,3,0,0,0,0,,20元/時,23.006823，120.185790,,23.006823,120.18579
路邊停車格收費路段,1101,西和路(路邊停車格),  中華西路口-文賢路口兩側   ,,-1,0,23,0,0,0,0,0,,20元/時 ,23.001698，120.190795,,23.001698,120.190795
路邊停車格收費路段,1111,安平路(路邊停車格),  中華西路口至安北路911001收費(目前智慧柱收費)   ,,-1,0,205,2,0,0,0,0,,每小時20元,22.998390，120.179464,,22.99839,120.179464
路邊停車格收費路段,1121,文南路(路邊停車格）,  健康路口-永華路口兩側   ,,-1,0,26,0,0,0,0,0,,20元/時 ,22.984285，120.189898,,22.984285,120.189898
路邊停車格收費路段,1131,華平路(路邊停車格),  健康路口-慶平路口兩側   ,,-1,0,145,2,0,0,0,0,,20元/時 ,22.986586，120.174365,,22.986586,120.174365
路邊停車格收費路段,1132,華平路-2(路邊停車格),  民權路四段迄至和緯路五段間兩側   ,,-1,0,114,3,0,0,0,0,,20元/時,22.999669，120.175931,,22.999669,120.175931
路邊停車格收費路段,1142,西門路四段65巷,  自西門路四段至育德路間   ,,-1,0,10,0,0,0,0,0,,20元/時,23.007786，120.205927,,23.007786,120.205927
路邊停車格收費路段,1151,文賢路(路邊停車格）,  和緯路口-大興街口   ,,-1,0,1,2,0,0,0,0,,20元/時 ,23.011010，120.193847,,23.01101,120.193847
路邊停車格收費路段,1152,文賢路-2(路邊停車格),  文成路至大港街間   ,,-1,0,3,0,0,0,0,0,,20元/時,23.012732，120.193884,,23.012732,120.193884
路邊停車格收費路段,1153,文賢一路-2,  和緯路至海安路三段135巷1100416收費   ,,-1,0,21,0,0,0,0,0,,每小時20元，非都市計畫區,23.005621，120.196015,,23.005621,120.196015
路邊停車格收費路段,1155,文成路(路邊停車格),  文賢路至文成路750巷間   ,,-1,0,20,0,0,0,0,0,,20元/時,23.012143，120.194629,,23.012143,120.194629
路邊停車格收費路段,1156,文賢一路(路邊停車格),  文成路至和緯路間   ,,-1,0,20,0,0,0,0,0,,20元/時,22.997952，120.203464,,22.997952,120.203464
路邊停車格收費路段,1157,文成三路(路邊停車格),  自西門路至育賢街口間   ,,-1,0,13,0,0,0,0,0,,20元/時,23.015594，120.209807,,23.015594,120.209807
路邊停車格收費路段,1158,育成路(路邊停車格),  自西門路至育賢街口間   ,,-1,0,9,0,0,0,0,0,,20元/時，非都市計畫區,23.015989，120.210150,,23.015989,120.21015
路邊停車格收費路段,1159,文賢三街,  和緯路至文成三路間，1120301收費   ,,-1,0,46,0,0,0,0,0,,每小時20元，都市計畫區,23.011949，120.198301,,23.011949,120.198301
路邊停車格收費路段,1161,東和路,  小東路口至林森路口兩側920324收費920801再公告(1081104停車柱)   ,,-1,0,23,0,0,0,0,0,,每小時20元,22.998471，120.225094,,22.998471,120.225094
路邊停車格收費路段,1162,東和路57巷,  東和路至光明街175巷   ,,-1,0,7,0,0,0,0,22,,每小時20元，都市計畫區,22.997444，120.229326,,22.997444,120.229326
路邊停車格收費路段,1181,富北街(路邊停車格）,  火車站圓環-北忠街口   ,,-1,0,7,2,0,0,0,0,,20元/時 ,22.998322，120.211446,,22.998322,120.211446
路邊停車格收費路段,1191,安億路,  平豐路口至光洲路口兩側930927收費   ,,-1,0,272,0,0,0,0,0,,每小時20元,22.994220，120.160500,,22.99422,120.1605
路邊停車格收費路段,1192,光州路,  安億路至府平路口兩側1070401收費   ,,-1,0,83,0,0,0,0,0,,每小時20元,22.990082，120.159974,,22.990082,120.159974
路邊停車格收費路段,1201,新建路(路邊停車格）,  新興路口-中華西路一段2巷兩側   ,,-1,0,114,0,0,0,0,0,,20元/時 ,22.969889，120.185225,,22.969889,120.185225
路邊停車格收費路段,1211,開元路(路邊停車格）,  開元陸橋-開元橋兩側   ,,-1,0,34,1,0,0,0,0,,20元/時 ,23.006630，120.218249,,23.00663,120.218249
路邊停車格收費路段,1214,中山南路119巷,,,-1,0,8,0,0,0,0,0,,每小時20元，六甲頂都市計畫區,23.013328，120.229449,,23.013328,120.229449
路邊停車格收費路段,1215,中山南路123巷,  中山南路119巷至中華路619巷   ,,-1,0,4,0,0,0,0,0,,每小時20元，收費時間08:00-22:00，都市計畫區,23.013332，120.229141,,23.013332,120.229141
路邊停車格收費路段,1216,中山南路262巷,  中山南路至五福街間，1120601收費   ,,-1,0,8,0,0,0,0,0,,每小時20元,23.014376，120.234172,,23.014376,120.234172
路邊停車格收費路段,1217,開元路212巷,  林森路至長榮路，1120601收費，機車78格   ,,-1,0,31,0,0,0,0,0,,每小時20元,23.005958，120.222909,,23.005958,120.222909
路邊停車格收費路段,1241,台南市立圖書館廣場停車場,  台南市立圖書館廣場停車場   ,,-1,0,58,1,0,0,0,0,,20元/時 ,23.004175，120.212276,,23.004175,120.212276
路邊停車格收費路段,1251,忠烈祠廣場停車場,  忠烈祠廣場停車場   ,,-1,0,50,3,0,0,0,0,,20元/時 ,22.981153，120.210891,,22.981153,120.210891
路邊停車格收費路段,1261,富德街(路邊停車格）,  德光街口至東門路口   ,,-1,0,7,0,0,0,0,0,,20元/時 ,22.984631，120.223543,,22.984631,120.223543
路邊停車格收費路段,1271,崇善路25巷(路邊停車格）,  崇善路口-龍山街55巷口單側   ,,-1,0,7,0,0,0,0,0,,20元/時 ,22.984159，120.222435,,22.984159,120.222435
路邊停車格收費路段,1281,龍山街(路邊停車格）,  崇善路口-崇善路25巷口單側   ,,-1,0,31,2,0,0,0,0,,20元/時 ,22.982856，120.222487,,22.982856,120.222487
路邊停車格收費路段,1282,龍山街55巷(路邊停車格),  龍山街55巷-崇善路25巷口單側   ,,-1,0,0,0,0,0,0,0,,20元/時 ,22.982547，120.221079,,22.982547,120.221079
路邊停車格收費路段,1311,立賢路(路邊停車格),  西門路口-育德路口兩側   ,,-1,0,33,0,0,0,0,0,,20元/時 ,23.009361，120.206651,,23.009361,120.206651
路邊停車格收費路段,1321,金華新路(路邊停車格),  康樂街口-環河街口兩側   ,,-1,0,36,0,0,0,0,0,,20元/時 ,22.993309，120.193244,,22.993309,120.193244
路邊停車格收費路段,1322,大涼路,  府前一街口至星鑽路口間兩側(1090701開始收費)   ,,-1,0,32,1,0,0,38,2,,每小時20元,22.993683，120.189369,,22.993683,120.189369
路邊停車格收費路段,1323,自強街34巷,  西門路三段至成功路238巷1090620收費   ,,-1,0,3,0,0,0,0,0,,每小時20元,23.000127，120.202832,,23.000127,120.202832
路邊停車格收費路段,1331,大興街(路邊停車格),  文賢路口-大興街96巷口   ,,-1,0,8,0,0,0,0,0,,20元/時 ,23.011729，120.192733,,23.011729,120.192733
路邊停車格收費路段,1341,北園街(路邊停車格),  北園街87巷口-北園街99巷口   ,,-1,0,8,0,0,0,0,0,,20元/時 ,23.011524，120.222982,,23.011524,120.222982
路邊停車格收費路段,1351,永華二街(路邊停車格),  建平三街-永華路口東側   ,,-1,0,53,1,0,0,0,0,,20元/時 ,22.986489，120.184359,,22.986489,120.184359
路邊停車格收費路段,1361,建平路-1(路邊停車格),  健康路口-永華路口   ,,-1,0,95,0,0,0,0,0,,20元/時 ,22.986081，120.181700,,22.986081,120.1817
路邊停車格收費路段,1364,建平十一街-2,  建平路至文平路(怡平路140巷)   ,,-1,0,34,0,0,0,0,0,,每小時20元1120601收費，都市計畫區,22.994538，120.182520,,22.994538,120.18252
路邊停車格收費路段,1371,西門路4段1巷(路邊停車格),  西門路口-民德國中側門   ,,-1,0,22,0,0,0,0,0,,20元/時 ,23.006625，120.204508,,23.006625,120.204508
路邊停車格收費路段,1381,北安路(路邊停車格),  西門路口-北安橋兩側   ,,-1,0,38,0,0,0,0,0,,20元/時 ,23.017802，120.208488,,23.017802,120.208488
路邊停車格收費路段,1403,忠孝路(路邊停車格),  忠孝路（自小東路至忠孝路352巷口間）   ,,-1,0,348,10,0,0,40,0,,20元/時，位於都市計畫區 1100701新增259席(一般255&#43;身障4席)，原先99席,22.998799，120.240063,,22.998799,120.240063
路邊停車格收費路段,1404,東橋一路(路邊停車格),  中山南路至東橋七路1090415開始收費   ,,-1,0,145,2,0,0,14,3,,20元/一小時，都市計畫區,23.020237，120.232497,,23.020237,120.232497
路邊停車格收費路段,1405,東橋五路,,,-1,0,58,0,0,0,0,0,,每小時20元，1091002收費,23.022727，120.234849,,23.022727,120.234849
路邊停車格收費路段,1406,東橋六街,  東橋一路至東橋九路間1110315收費   ,,-1,0,36,0,0,0,0,0,,每小時20元，都市計畫區,23.02053，120.23598,,23.02053,120.23598
路邊停車格收費路段,1407,東橋七路(路邊停車格),  自中山南路至東橋一路間   ,,-1,0,146,0,0,0,0,0,,20元/時，都市計畫區,23.018007，120.239200,,23.018007,120.2392
路邊停車格收費路段,1409,東橋二街,  東橋一路至康橋大道   ,,-1,0,19,0,0,0,25,0,,每小時20元，都市計畫區,23.018743，120.237334,,23.018743,120.237334
路邊停車格收費路段,1410,東橋十街,  東橋七路至康橋大道   ,,-1,0,2,1,0,0,0,0,,每小時20元，都市計畫區,23.025349，120.237731,,23.025349,120.237731
路邊停車格收費路段,1413,東橋三路,  東橋一路至東橋八街   ,,-1,0,45,2,0,0,33,0,,每小時20元，都市計畫區,23.023759，120.232591,,23.023759,120.232591
路邊停車格收費路段,1419,東橋九路,  東橋六街至東橋八街間   ,,-1,0,28,0,0,0,0,0,,每小時20元，都市計畫區,23.022121，120.238117,,23.022121,120.238117
路邊停車格收費路段,1422,中華路121巷(路邊停車格),  自中華路至中華路121巷28弄間   ,,-1,0,16,0,0,0,0,0,,20元/時,23.002304，120.234901,,23.002304,120.234901
路邊停車格收費路段,1423,勝華街37巷(路邊停車格),  勝華街至中華一路間   ,,-1,0,3,0,0,0,0,0,,20元/時,23.018150，120.239094,,23.01815,120.239094
路邊停車格收費路段,1424,勝學路,  中華二路至勝學路282巷間路邊雙側停車格   ,,-1,0,11,0,0,0,0,0,,每小時20元,23.008237，120.231185,,23.008237,120.231185
路邊停車格收費路段,1425,中華二路340巷,  1090901開始收費   ,,-1,0,8,0,0,0,0,0,,每小時20元,23.008621，120.231169,,23.008621,120.231169
路邊停車格收費路段,1426,中華二路340巷15弄,  1090901開始收費   ,,-1,0,7,0,0,0,0,0,,每小時20元,23.009242，120.230851,,23.009242,120.230851
路邊停車格收費路段,1427,中華二路,  勝學路至中山東路   ,,-1,0,24,0,0,0,0,0,,每小時20元,23.008513，120.235772,,23.008513,120.235772
路邊停車格收費路段,1428,中華路58巷,  中華路至中華路134巷5弄   ,,-1,0,14,0,0,0,0,0,,每小時20元,23.001691，120.235484,,23.001691,120.235484
路邊停車格收費路段,1429,中華路92巷,  中華路至中華路134巷5弄   ,,-1,0,11,0,0,0,0,0,,每小時20元,23.002440，120.235409,,23.00244,120.235409
路邊停車格收費路段,1430,中華路134巷5弄,  中華路58巷至中華路92巷   ,,-1,0,8,0,0,0,0,0,,每小時20元,23.002294，120.236032,,23.002294,120.236032
路邊停車格收費路段,1432,中華路,  1100501收費，37&#43;2&#43;5格，小東路至中山南路。第2階段中山南路至中正南路55格，1111001收費   ,,-1,0,96,0,0,0,32,2,,每小時20元，都市計畫區,23.001394，120.235126,,23.001394,120.235126
路邊停車格收費路段,1433,華興街,  中華路至忠孝路間，1101101收費   ,,-1,0,4,0,0,0,0,0,,每小時20元，六甲頂都市計畫區,23.000757，120.235159,,23.000757,120.235159
路邊停車格收費路段,1434,忠孝路380巷13弄,,,-1,0,2,0,0,0,0,0,,每6小一次收費30元,23.018007，120.244084,,23.018007,120.244084
路邊停車格收費路段,1435,國華街,,,-1,0,28,0,0,0,42,2,,每6小時一次收費30元,23.016868，120.244259,,23.016868,120.244259
路邊停車格收費路段,1436,國華街102巷,,,-1,0,7,1,0,0,0,0,,每6小時一次收費30元,23.014015，120.247330,,23.014015,120.24733
路邊停車格收費路段,1437,復華七街,,,-1,0,5,0,0,0,0,0,,每6小時一次收費30元,23.014644，120.246829,,23.014644,120.246829
路邊停車格收費路段,1438,復華八街,,,-1,0,12,0,0,0,13,0,,每6小時一次收費30元,23.015800，120.246084,,23.0158,120.246084
路邊停車格收費路段,1439,國華街132巷,,,-1,0,13,0,0,0,6,0,,每6小時一次收費30元,23.015590，120.246696,,23.01559,120.246696
路邊停車格收費路段,1440,復華七街117巷,,,-1,0,12,0,0,0,16,0,,每6小時一次收費30元,23.015326，120.247155,,23.015326,120.247155
路邊停車格收費路段,1443,復國二路303巷,,,-1,0,5,0,0,0,16,0,,每6小時一次收費30元,23.016293，120.248691,,23.016293,120.248691
路邊停車格收費路段,1444,復國二路269巷,,,-1,0,7,0,0,0,0,0,,每6小時一次收費30元,23.015414，120.248839,,23.015414,120.248839
路邊停車格收費路段,1445,復國二路2,,,-1,0,6,0,0,0,14,0,,每6小時一次收費30元,23.015049，120.249080,,23.015049,120.24908
路邊停車格收費路段,1446,新華街,  中華路至六合路1111001收費   ,,-1,0,7,0,0,0,0,0,,每小時20元,23.012673，120.230898,,23.012673,120.230898
路邊停車格收費路段,1451,武聖路(路邊停車格),  自和緯路4段至中華北路78巷間   ,,-1,0,9,0,0,0,0,0,,20元／時,23.008107，120.187578,,23.008107,120.187578
路邊停車格收費路段,1461,正南五街(路邊停車格:採以車牌辨識系統記錄車牌號碼，無開立停車繳費通知單),  中正六街至新中街間   ,,-1,0,16,0,0,0,0,0,,20元/時 此路段採以車牌辨識系統記錄車牌號碼，無開立停車繳費通知單，當場繳納須持一卡通感應扣款，或於停車次日起20日內，至全國7-11「ibon便利生活站」、全家「Famiport」、萊爾富「Life-ET」或來來超商「OK‧go」查詢補單後繳費。,23.035870，120.237887,,23.03587,120.237887
路邊停車格收費路段,1471,大成路(路邊停車格),  新都路至金華路間   ,,-1,0,31,0,0,0,0,0,,20元∕時,22.974980，120.198704,,22.97498,120.198704
路邊停車格收費路段,1492,文化一街(路邊停車場),  文化五街口至文化六街口西邊   ,,-1,0,10,0,0,0,0,0,,每小時20元,22.975532，120.232371,,22.975532,120.232371
路邊停車格收費路段,1496,文化六街(路邊停車場),  文化一街口至仁和路口北側   ,,-1,0,5,0,0,0,0,0,,每小時20元,22.974703，120.232178,,22.974703,120.232178
路邊停車格收費路段,1511,生產路(路邊停車格),  大同路至崇善路間   ,,-1,0,67,0,0,0,0,0,,20元/時,22.964909，120.222200,,22.964909,120.2222
路邊停車格收費路段,1601,平實五路(路邊停車格),  自中華東路至後甲一路間   ,,-1,0,30,2,0,0,0,0,,20元/時,22.994695，120.234443,,22.994695,120.234443
路邊停車格收費路段,1602,平實六路(路邊停車格),  自後甲二路至復興路間   ,,-1,0,58,2,0,0,0,0,,20元/時,22.993464，120.234203,,22.993464,120.234203
路邊停車格收費路段,1603,平實一街(路邊停車格),  自中華東路至後甲一路間   ,,-1,0,6,1,0,0,0,1,,20元/時,22.996817，120.234745,,22.996817,120.234745
路邊停車格收費路段,1604,平實二街(路邊停車格),  後甲二路至裕永路間   ,,-1,0,21,1,0,0,0,1,,20元/時,22.996750，120.237069,,22.99675,120.237069
路邊停車格收費路段,1605,平實三街(路邊停車格),  自中華東路至後甲一路間   ,,-1,0,8,1,0,0,0,1,,20元/時,22.995747，120.234570,,22.995747,120.23457
路邊停車格收費路段,1606,平實四街(路邊停車格),  後甲二路至裕永路間   ,,-1,0,27,1,0,0,0,1,,20元/時,22.995613，120.237142,,22.995613,120.237142
路邊停車格收費路段,1607,平實七街(路邊停車格),  自中華東路至後甲一路間   ,,-1,0,13,1,0,0,0,1,,20元/時,22.993781，120.234367,,22.993781,120.234367
路邊停車格收費路段,1608,平實八街(路邊停車格),  自後甲二路至裕永路間   ,,-1,0,25,1,0,0,0,1,,20元/時,22.993701，120.237142,,22.993701,120.237142
路邊停車格收費路段,1801,崇興路-1(路邊停車格),  崇明路口至巴克禮路口間   ,,-1,0,48,3,0,0,0,0,,20元/時-路邊月票3000元整,22.968474，120.221682,,22.968474,120.221682
路邊停車格收費路段,1802,崇興路-2(路邊停車格),  巴克禮路口至崇聖路口間   ,,-1,0,44,2,0,0,0,0,,20元/時,22.968424，120.221736,,22.968424,120.221736
路邊停車格收費路段,1901,巴克禮路(路邊停車格),  自中華路3段399巷29弄至崇賢七路口間   ,,-1,0,22,1,0,0,0,0,,20元/時,22.968736，120.221773,,22.968736,120.221773
路邊停車格收費路段,2001,忠義街44巷,  小東591巷至忠勇街   ,,-1,0,3,0,0,0,0,0,,每小時20元,22.999877，120.237877,,22.999877,120.237877
路邊停車格收費路段,2002,小東路591巷,  華興街至忠義街44巷   ,,-1,0,6,0,0,0,3,0,,每小時20元,23.000176，120.237515,,23.000176,120.237515
路邊停車格收費路段,2003,忠義街60巷,  忠義街至忠勇街   ,,-1,0,13,0,0,0,15,0,,每小時20元,23.000410，120.237914,,23.00041,120.237914
路邊停車格收費路段,2004,忠勇街,  華興街至忠義街60巷   ,,-1,0,2,0,0,0,6,0,,每小時20元,23.000587，120.238038,,23.000587,120.238038
路邊停車格收費路段,2005,忠勇街65巷,  忠勇街至華興街120巷   ,,-1,0,17,0,0,0,0,0,,每小時20元,23.001501，120.237512,,23.001501,120.237512
路邊停車格收費路段,2006,復華五街,  復華三街76巷至國華街   ,,-1,0,5,1,0,0,24,0,,每小時20元,23.011130，120.246148,,23.01113,120.246148
路邊停車格收費路段,2007,復華六街67巷,  復國一路341巷至復華五街   ,,-1,0,6,0,0,0,0,0,,每小時20元,23.011498，120.245783,,23.011498,120.245783
路邊停車格收費路段,2008,復華三街90巷,  復華五街至復華三街   ,,-1,0,8,1,0,0,0,0,,每小時20元,23.010177，120.244938,,23.010177,120.244938
路邊停車格收費路段,2009,復華一街,  忠孝路至復國一路   ,,-1,0,2,0,0,0,18,0,,每小時20元，位於都是計畫區外,23.005373，120.245219,,23.005373,120.245219
路邊停車格收費路段,2010,復華一街19巷,  復華一街至復國一路67巷   ,,-1,0,5,0,0,0,5,0,,每小時20元，位於都是計畫區外,23.005060，120.245366,,23.00506,120.245366
路邊停車格收費路段,2011,復國一路150巷,  復國一路至復國二路單側   ,,-1,0,5,0,0,0,0,0,,每小時20元，1100406開始收費，位於都是計畫區外,23.005363，120.247217,,23.005363,120.247217
路邊停車格收費路段,2012,復國二路,  復國里活動中心旁   ,,-1,0,12,1,0,0,9,0,,每小時20元，位於都是計畫區外,23.005231，120.247305,,23.005231,120.247305
路邊停車格收費路段,2013,復國一路120巷,  整段  非都市計畫區   ,,-1,0,7,0,0,0,2,0,,每小時20元，非都市計畫區,23.004690，120.247086,,23.00469,120.247086
路邊停車格收費路段,2014,中華路10巷,  1100801收費   ,,-1,0,6,0,0,0,0,0,,每小時20元，非都市計畫區,22.999854，120.236190,,22.999854,120.23619
路邊停車格收費路段,2015,忠義街,  華興街至小東路，1100801收費   ,,-1,0,2,0,0,0,10,0,,每小時20元,22.999577，120.236391,,22.999577,120.236391
路邊停車格收費路段,2016,小東路477巷28弄,  1100801收費   ,,-1,0,6,0,0,0,5,0,,每小時20元,22.999409，120.236246,,22.999409,120.236246
路邊停車格收費路段,2017,國華街2,  復華三街至復華六街，1110115計次收費   ,,-1,0,5,0,0,0,0,0,,計次收費，每6小時30元，都市計畫區,23.009723，120.247145,,23.009723,120.247145
路邊停車格收費路段,2018,復華二街3巷,  復華二街至復國一路173巷，1110115計次收費   ,,-1,0,5,0,0,0,0,0,,計次收費，每6小時30元,23.007786，120.245549,,23.007786,120.245549
路邊停車格收費路段,2019,復華三街,  復國二路至忠孝路，1110115計次收費   ,,-1,0,3,0,0,0,0,0,,計次收費，每6小時30元，都市計畫區,23.009631，120.246927,,23.009631,120.246927
路邊停車格收費路段,2020,復國一路6巷,  1110115計次收費，每6小時30元   ,,-1,0,5,0,0,0,13,0,,計次收費，每6小時30元，都市計畫區,23.001927，120.246224,,23.001927,120.246224
路邊停車格收費路段,2026,興國街,  1110615開始計次收費   ,,-1,0,55,0,0,0,15,0,,每6小時1次30元,23.002330，120.243080,,23.00233,120.24308
路邊停車格收費路段,2027,永二街393巷,  永二街至復華七街225巷   ,,-1,0,13,0,0,0,0,0,,每6小時一次30元，1120601收費，都市計畫區,23.018094，120.247614,,23.018094,120.247614
路邊停車格收費路段,2028,忠孝路410巷,  忠孝路至永二街447巷，1120601計次收費   ,,-1,0,5,0,0,0,0,0,,每6小時1次30元,23.018688，120.245576,,23.018688,120.245576
路邊停車格收費路段,4001,海佃路-1,  1120501收費，府安路至郡安路間雙側   ,,-1,0,40,2,0,0,117,0,,每小時20元，1120501時收費，都市計畫區,23.022096，120.192112,,23.022096,120.192112
路邊停車格收費路段,5001,月眉園路,,,-1,0,11,0,0,0,0,0,,,23.110695，120.303920,,23.110695,120.30392
路邊停車格收費路段,5002,陽光北一路,,,-1,0,26,0,0,0,0,0,,,23.114599，120.305264,,23.114599,120.305264
路邊停車格收費路段,5003,陽光二路,,,-1,0,16,0,0,0,0,0,,,23.117840，120.306757,,23.11784,120.306757
路邊停車格收費路段,5004,陽光三路,,,-1,0,44,0,0,0,0,0,,,23.118420，120.309713,,23.11842,120.309713
路邊停車格收費路段,5005,龍目井路,,,-1,0,52,0,0,0,0,0,,,23.109373，120.303246,,23.109373,120.303246
路邊停車格收費路段,5006,蓮潭路,,,-1,0,124,0,0,0,0,0,,,23.113617，120.304946,,23.113617,120.304946
路邊停車格收費路段,5007,陽光南一路,,,-1,0,14,0,0,0,0,0,,,23.110109，120.305127,,23.110109,120.305127
路邊停車格收費路段,5008,目加溜灣大道,,,-1,0,38,0,0,0,0,0,,計次收費，每6小時30元,23.119111，120.308476,,23.119111,120.308476
路邊停車格收費路段,5009,善新西路,  目加溜灣大道以北   ,,-1,0,24,0,0,0,0,0,,計次收費，每6小時30元1110103收費，都市計畫區,23.119699，120.304430,,23.119699,120.30443
路邊停車格收費路段,6001,新化大目降文化園區,  大目降園區周邊 和平街(中正路至復興路) 中正路(和平街至光明路) 武德殿旁停車場 和平街31巷   ,,-1,0,77,1,0,0,0,0,,20元/時,23.034905，120.308183,,23.034905,120.308183
路邊停車格收費路段,8001,國華街-1(機車停車格),  永華路口-樹林街口   ,,-1,0,0,0,0,0,30,0,,機車計次20元／日,22.987278，120.196359,,22.987278,120.196359
路邊停車格收費路段,8014,中山路-4(機車停車格),  火車站-民族路口兩側   ,,-1,0,0,0,0,0,184,0,,機車計次20元／日,22.995541，120.209419,,22.995541,120.209419
路邊停車格收費路段,8031,成功路-1(機車停車格),  火車站-西華街口兩側   ,,-1,0,0,0,0,0,39,0,,機車計次20元/日,22.997548，120.210606,,22.997548,120.210606
路邊停車格收費路段,8043,北門路-3(機車停車格),  民族路口-火車站單側   ,,-1,0,0,0,0,0,121,0,,機車計次20元/日,22.996266，120.212052,,22.996266,120.212052
路邊停車格收費路段,8044,北門路-4(機車停車格),  火車站-公園南路口兩側   ,,-1,0,0,0,0,0,188,0,,機車計次20元/日,22.998863，120.212567,,22.998863,120.212567
路邊停車格收費路段,8151,樹林街-1(機車停車格),  西門路口-夏林路口   ,,-1,0,0,0,0,0,40,0,,機車計次20元／日,22.986611，120.197285,,22.986611,120.197285
路邊停車格收費路段,8152,樹林街-2(機車停車格),  永福路口-西門路口單側   ,,-1,0,0,0,0,0,82,0,,機車計次20元／日,22.986291，120.197943,,22.986291,120.197943
路邊停車格收費路段,8171,和意路(機車停車格),  永福路口至西門路口   ,,-1,0,0,0,0,0,83,0,,機車計次20元/日,22.988380，120.200141,,22.98838,120.200141
路邊停車格收費路段,8291,大學路-1(機車停車格),  前鋒路口至勝利路口   ,,-1,0,0,0,0,0,230,0,,機車計次20元／日,22.996839，120.214316,,22.996839,120.214316
路邊停車格收費路段,8311,西華街-1(機車停車格),  公園南路口-成功路口單側   ,,-1,0,0,0,0,0,94,0,,機車計次20元/日,22.997760，120.210183,,22.99776,120.210183
路邊停車格收費路段,8312,西華南街-2(機車停車格),  成功路口-民族路口單側   ,,-1,0,0,0,0,0,197,0,,機車計次20元/日,22.996888，120.209970,,22.996888,120.20997
路邊停車格收費路段,8441,前鋒路-1(機車停車格),  民族路口至大學路口   ,,-1,0,0,0,0,0,27,0,,機車計次20元／日,22.996631，120.213479,,22.996631,120.213479
路邊停車格收費路段,8442,前鋒路-2(機車停車格),  大學路口-小東路口兩側   ,,-1,0,0,0,0,0,728,0,,機車計次20元／日,22.997599，120.213693,,22.997599,120.213693
路邊停車格收費路段,8501,光文路機車收費區,,,-1,0,0,0,0,0,93,0,,每次20元(隔日另計)，1110103收費，都市計畫區,23.131964，120.305864,,23.131964,120.305864
路邊停車格收費路段,8521,北忠街-1(機車停車格),  北門路口-西華街口單側   ,,-1,0,0,0,0,0,24,0,,機車計次20元/日,22.998651，120.212004,,22.998651,120.212004
路邊停車格收費路段,8601,育樂街-1(機車停車格),  育樂街66巷口至育樂街46巷口間&#43;育樂街66巷口至育樂街148巷口   ,,-1,0,0,0,0,0,94,0,,以計次收費，停車費率每次收費新台幣20元整，跨日停車及離場再停者則另計次收費；定期機車月票每張新台幣300元整。,22.995666，120.216071,,22.995666,120.216071
路邊停車格收費路段,8602,育樂街-2(機車停車格),  育樂街66巷全   ,,-1,0,0,0,0,0,17,0,,20元計次/每日,22.995847，120.215810,,22.995847,120.21581
路邊停車格收費路段,8701,永康橋下南側迴轉道路(機車停車格),  永康橋下南側迴轉道路(含陸橋正下方停車空間)   ,,-1,0,0,0,0,0,126,0,,20元/次,23.019207，120.225666,,23.019207,120.225666
路邊停車格收費路段,9042,龍山里臨時停車場,  東門路二段158巷內(原臺南州立農事試驗場宿舍群(丁種官舍)   ,,-1,0,0,0,0,0,0,0,,20元/時,22.984093，120.220126,,22.984093,120.220126
路邊停車格收費路段,9801,成大育樂公園(機車停車格),  大學路-育樂街交叉口   ,,-1,0,0,0,0,0,20,0,,機車計次20元／日,22.996491，120.214892,,22.996491,120.214892
路邊停車格收費路段,C00046,永華路-3(路邊停車格),  中華西路口-平豐路口兩側   ,,-1,0,279,7,0,0,0,0,,20元/時 ☆剩餘格位:253,22.991683，120.164865,,22.991683,120.164865
路邊停車格收費路段,C00047,和緯路-1(路邊停車格),  北門路口-公園路口兩側   ,,-1,0,75,0,0,0,0,0,,20元/時 ☆剩餘格位:62,23.009462，120.214924,,23.009462,120.214924
路邊停車格收費路段,C00048,和緯路-2(路邊停車格),  公園路口-西門路口兩側   ,,-1,0,19,0,0,0,0,0,,20元/時 ☆剩餘格位:14,23.011115，120.209419,,23.011115,120.209419
路邊停車格收費路段,C00049,府前四街(路邊停車格),  府前路口-建平17街口兩側   ,,-1,0,40,0,0,0,0,0,,20元/時 ☆剩餘格位:12,22.995615，120.185083,,22.995615,120.185083
路邊停車格收費路段,D00001,林森路-3(路邊停車格),  東寧路口-小東路口兩側   ,,-1,0,207,8,0,0,0,0,,20元/時 ☆剩餘格位:186,22.996554，120.224032,,22.996554,120.224032
路邊停車格收費路段,D00002,小東路-1(路邊停車格),  前鋒路口-勝利路口兩側   ,,-1,0,74,2,0,0,0,0,,20元/時 ☆剩餘格位:65,23.001282，120.216149,,23.001282,120.216149
路邊停車格收費路段,D00003,小東路-2(路邊停車格),  勝利路口-成大側門兩側   ,,-1,0,44,5,0,0,0,0,,20元/時 ☆剩餘格位:25,23.000709，120.218491,,23.000709,120.218491
路邊停車格收費路段,D00004,小東路-3(路邊停車格),  成大側門-長榮路口兩側   ,,-1,0,33,0,0,0,0,0,,20元/時 ☆剩餘格位:26,23.000504，120.222177,,23.000504,120.222177
路邊停車格收費路段,D00005,小東路-4(路邊停車格),  長榮路口-中華東路口兩側   ,,-1,0,150,4,0,0,0,0,,20元/時 ☆剩餘格位:58,22.999519，120.228981,,22.999519,120.228981
路邊停車格收費路段,D00006,勝利路-1(路邊停車格),  東門路口-大學路口兩側   ,,-1,0,85,3,0,0,0,0,,20元/時 ☆剩餘格位:15,22.990740，120.217720,,22.99074,120.21772
路邊停車格收費路段,D00007,勝利路-2(路邊停車格),  大學路口-小東路口兩側   ,,-1,0,35,0,0,0,0,0,,20元/時 ☆剩餘格位:28,22.996836，120.218154,,22.996836,120.218154
路邊停車格收費路段,D00008,勝利路-3(路邊停車格),  小東路口-東豐路口兩側   ,,-1,0,20,3,0,0,0,0,,20元/時 ☆剩餘格位:1,23.001863，120.218551,,23.001863,120.218551
路邊停車格收費路段,D00009,長榮路-3(路邊停車格),  東寧路口-大學路口兩側   ,,-1,0,47,1,0,0,0,0,,20元/時 ☆剩餘格位:14,22.993639，120.221729,,22.993639,120.221729
路邊停車格收費路段,D00010,長榮路-4(路邊停車格),  大學路口-東豐路口兩側   ,,-1,0,79,3,0,0,0,0,,20元/時 ☆剩餘格位:73,22.998840，120.222156,,22.99884,120.222156
路邊停車格收費路段,D00011,前鋒路-3(路邊停車格),  小東路口-東豐路口兩側   ,,-1,0,44,0,0,0,0,0,,20元/時 ☆剩餘格位:20,23.002477，120.214804,,23.002477,120.214804
路邊停車格收費路段,D00012,林森路-4(路邊停車格),  小東路口-開元路口兩側   ,,-1,0,93,0,0,0,0,0,,20元/時 ☆剩餘格位:22,23.005566，120.224688,,23.005566,120.224688
路邊停車格收費路段,D00013,東和路(路邊停車格）,  小東路口-林森路口兩側   ,,-1,0,29,0,0,0,0,0,,20元/時 ☆剩餘格位:18,22.998481，120.225730,,22.998481,120.22573
路邊停車格收費路段,D00014,安平路(路邊停車格),  中華西路口-承天橋   ,,-1,0,206,2,0,0,0,0,,20元/時 ☆剩餘格位:118,22.998103，120.172637,,22.998103,120.172637
路邊停車格收費路段,D00015,府前路-9(路邊停車格),  中華西路口-建平路口兩側   ,,-1,0,41,1,0,0,0,0,,20元/時 ☆剩餘格位:11,22.993200，120.184280,,22.9932,120.18428
路邊停車格收費路段,D00016,大學路-2(路邊停車格),  勝利路口-長榮路口兩側   ,,-1,0,12,0,0,0,0,0,,20元/時 ☆剩餘格位:3,22.996090，120.220482,,22.99609,120.220482
路邊停車格收費路段,D00017,東寧路-1(路邊停車格),  慶東路口-長榮路口兩側   ,,-1,0,59,1,0,0,0,0,,20元/時 ☆剩餘格位:9,22.992170，120.220100,,22.99217,120.2201
路邊停車格收費路段,D00018,東豐路-1(路邊停車格),  北門路口-勝利路口兩側   ,,-1,0,47,0,0,0,0,0,,20元/時 ☆剩餘格位:20,23.003900，120.216194,,23.0039,120.216194
路邊停車格收費路段,D00019,東豐路-2(路邊停車格),  勝利路口-長榮路口兩側   ,,-1,0,58,0,0,0,0,0,,20元/時 ☆剩餘格位:16,23.003276，120.220291,,23.003276,120.220291
路邊停車格收費路段,D00020,東豐路-3(路邊停車格),  長榮路口-林森路口兩側   ,,-1,0,34,0,0,0,0,0,,20元/時 ☆剩餘格位:22,23.002854，120.223324,,23.002854,120.223324
路邊停車格收費路段,D00021,東豐路-4(路邊停車格),  林森路口-桌球館兩側   ,,-1,0,33,3,0,0,0,0,,20元/時 ☆剩餘格位:21,23.002441，120.226031,,23.002441,120.226031
路邊停車格收費路段,D00022,慶平路-3(路邊停車格),  華平路口-國平路口兩側   ,,-1,0,48,2,0,0,0,0,,20元/時 ☆剩餘格位:17,22.997191，120.172522,,22.997191,120.172522
路邊停車格收費路段,D00023,慶平路-4(路邊停車格),  國平路口-育平路口兩側   ,,-1,0,53,1,0,0,0,0,,20元/時 ☆剩餘格位:34,22.997508，120.170447,,22.997508,120.170447
路邊停車格收費路段,D00024,慶平路-5(路邊停車格),  育平路口-安億橋兩側   ,,-1,0,32,2,0,0,0,0,,20元/時 ☆剩餘格位:23,22.997743，120.166683,,22.997743,120.166683
路邊停車格收費路段,D00025,怡平路(路邊停車格),  建平路口-華平路口兩側   ,,-1,0,56,0,0,0,0,0,,20元/時 ☆剩餘格位:16,22.993134，120.179337,,22.993134,120.179337
路邊停車格收費路段,D00026,郡平路(路邊停車格),  華平路口-育平路口兩側   ,,-1,0,36,0,0,0,0,0,,20元/時 ☆剩餘格位:3,22.989001，120.168962,,22.989001,120.168962
路邊停車格收費路段,D00027,國平路(路邊停車格),  健康路口-慶平路口兩側   ,,-1,0,197,2,0,0,0,0,,20元/時 ☆剩餘格位:40,22.992211，120.171202,,22.992211,120.171202
路邊停車格收費路段,D00028,建平17街(路邊停車格),  建平路口-慶平路口兩側   ,,-1,0,71,0,0,0,0,0,,20元/時 ☆剩餘格位:32,22.997531，120.180323,,22.997531,120.180323
路邊停車格收費路段,D00029,永華三街(路邊停車格),  怡平路至建平11街   ,,-1,0,23,0,0,0,0,0,,20元/時 ☆剩餘格位:23,22.993331，120.181738,,22.993331,120.181738
路邊停車格收費路段,D00030,建平路-2(路邊停車格),  永華路口-慶平路口   ,,-1,0,81,2,0,0,0,0,,20元/時 ☆剩餘格位:35,22.991522，120.182923,,22.991522,120.182923
路邊停車格收費路段,D00032,府前路-8(路邊停車格),  永華一街口-中華西路口兩側   ,,-1,0,20,2,0,0,0,0,,20元/時 ☆剩餘格位:8,22.992080，120.189755,,22.99208,120.189755
路邊停車格收費路段,D00033,青年路-4(路邊停車格),  前鋒路口-勝利路口兩側   ,,-1,0,63,1,0,0,0,0,,20元/時 ☆剩餘格位:4,22.991440，120.213516,,22.99144,120.213516
路邊停車格收費路段,D00034,小東路-6(路邊停車格),  中華東路口-台南憲兵隊大門口兩側   ,,-1,0,53,0,0,0,0,0,,20元/時 ☆剩餘格位:27,22.998400，120.236587,,22.9984,120.236587
路邊停車格收費路段,D00035,環河街(路邊停車格),  府前路口-民生路口兩側   ,,-1,0,34,1,0,0,0,0,,20元/時 ☆剩餘格位:3,22.992670，120.191892,,22.99267,120.191892
路邊停車格收費路段,D00036,運河北岸C-68號(路邊停車格),  環河街口-民生路口兩側   ,,-1,0,9,0,0,0,0,0,,20元/時 ☆剩餘格位:0,22.995836，120.192703,,22.995836,120.192703
路邊停車格收費路段,D00037,中華西路2段28巷(路邊停車格),  中華西路二段至永華一街口(28巷全)   ,,-1,0,22,0,0,0,0,0,,20元/時 ☆剩餘格位:8,22.989797，120.187236,,22.989797,120.187236
路邊停車格收費路段,D00038,中華東路-1(路邊停車格),  小東路口-後甲圓環兩側   ,,-1,0,97,0,0,0,0,0,,20元/時 ☆剩餘格位:20,22.997425，120.234469,,22.997425,120.234469
路邊停車格收費路段,D00039,育樂街-1(路邊停車格),  青年路口-東寧路口西段   ,,-1,0,17,0,0,0,0,0,,20元/時 ☆剩餘格位:9,22.992059，120.214555,,22.992059,120.214555
路邊停車格收費路段,D00040,東榮街(路邊停車格),  青年路口-東寧路口西段   ,,-1,0,19,1,0,0,0,0,,20元/時 ☆剩餘格位:18,22.991961，120.215456,,22.991961,120.215456
路邊停車格收費路段,D00041,崇善路(路邊停車格),  林森路口-中華東路口兩側   ,,-1,0,75,4,0,0,0,0,,20元/時 ☆剩餘格位:15,22.979740，120.224341,,22.97974,120.224341
路邊停車格收費路段,D00042,安億路(路邊停車格）,  永華路口-平豐路口兩側   ,,-1,0,214,0,0,0,0,0,,20元/時 ☆剩餘格位:203,22.993946，120.159473,,22.993946,120.159473
路邊停車格收費路段,D00043,光州路(路邊停車格),  安億路至健康路口兩側   ,,-1,0,84,3,0,0,0,0,,20元/時 ☆剩餘格位:37,22.9897039，120.1601402,,22.9897039,120.1601402
路邊停車格收費路段,D00044,後甲二路(路邊停車格),  自平實路至後甲三路間   ,,-1,0,93,2,0,0,0,0,,20元/時 ☆剩餘格位:89,22.992940，120.236971,,22.99294,120.236971
路邊停車格收費路段,D00045,北門路-3(路邊停車格),  火車站-公園北路口兩側   ,,-1,0,46,3,0,0,0,0,,20元/時 ☆剩餘格位:19,23.002705，120.213677,,23.002705,120.213677
路邊停車格收費路段,D00046,公園南路-1(路邊停車格),  北門路口-公園路口兩側   ,,-1,0,42,3,0,0,0,0,,20元/時 ☆剩餘格位:28,23.000641，120.210449,,23.000641,120.210449
路邊停車格收費路段,D00047,永華路-1(路邊停車格),  西門路口-金華路口兩側   ,,-1,0,33,1,0,0,0,0,,20元/時 ☆剩餘格位:7,22.987255，120.196858,,22.987255,120.196858
路邊停車格收費路段,D00048,南島路,  中華西路至建平路間兩側   ,,-1,0,80,0,0,0,0,0,,20元/時 ☆剩餘格位:78,22.991107，120.186033,,22.991107,120.186033
路邊停車格收費路段,D00049,東南榕大道,  南島路至永華路2段間兩側   ,,-1,0,54,0,0,0,0,0,,20元/時 ☆剩餘格位:53,22.990425，120.185293,,22.990425,120.185293
路邊停車格收費路段,D00050,西南榕大道,  南島路至永華路2段間兩側   ,,-1,0,57,0,0,0,0,0,,20元/時 ☆剩餘格位:54,22.990799，120.184416,,22.990799,120.184416
路邊停車格收費路段,D00051,公園路-4(路邊停車格),  成功路口-公園北路口兩側   ,,-1,0,68,6,0,0,0,0,,20元/時 ☆剩餘格位:16,23.002451，120.209580,,23.002451,120.20958
路邊停車格收費路段,D00052,金華路-4(路邊停車格),  建南路口-永華路口兩側   ,,-1,0,51,2,0,0,0,0,,20元/時 ☆剩餘格位:22,22.986111，120.191849,,22.986111,120.191849
路邊停車格收費路段,D00053,夏林路-2(路邊停車格),  建南路口-永華路口兩側   ,,-1,0,40,4,0,0,0,0,,20元/時 ☆剩餘格位:6,22.986312，120.194833,,22.986312,120.194833
路邊停車格收費路段,D00054,建南路(路邊停車格),  夏林路口-金華路口北側   ,,-1,0,35,0,0,0,0,0,,20元/時 ☆剩餘格位:12,22.984882，120.193320,,22.984882,120.19332
路邊停車格收費路段,D00057,大埔街-1(路邊停車格),  開山路口-建業街口   ,,-1,0,22,2,0,0,0,0,,20元/時 ☆剩餘格位:12,22.986370，120.207916,,22.98637,120.207916
路邊停車格收費路段,D00058,建業街(路邊停車格),  開山路口-南門路口   ,,-1,0,40,0,0,0,0,0,,20元/時 ☆剩餘格位:18,22.987810，120.206390,,22.98781,120.20639
路邊停車格收費路段,D00059,樹林街(路邊停車格),  大同路口-夏林路口   ,,-1,0,111,1,0,0,0,0,,20元/時 ☆剩餘格位:3,22.986191，120.202637,,22.986191,120.202637
路邊停車格收費路段,D00060,開山路-3(路邊停車格),  府前路口-大同路口兩側   ,,-1,0,46,2,0,0,0,0,,20元/時 ☆剩餘格位:5,22.988270，120.208198,,22.98827,120.208198
路邊停車格收費路段,D00061,文化路(路邊停車格),  仁和路至東門路3段間   ,,-1,0,8,0,0,0,0,0,,20元/時 ☆剩餘格位:4,22.977147，120.232504,,22.977147,120.232504
路邊停車格收費路段,D00062,文化二街(路邊停車格),  仁和路與文化三街   ,,-1,0,10,0,0,0,0,0,,20元/時 ☆剩餘格位:6,22.976585，120.233309,,22.976585,120.233309
路邊停車格收費路段,D00063,文化三街(路邊停車格),  文化一街至文化二街間   ,,-1,0,14,0,0,0,0,0,,20元/時 ☆剩餘格位:11,22.976465，120.232659,,22.976465,120.232659
路邊停車格收費路段,D00064,高發二路,  大武路-歸仁十五路，1111201收費   ,,-1,0,29,0,0,0,0,0,,20元/時 ☆剩餘格位:26,22.922559，120.291771,,22.922559,120.291771
路邊停車格收費路段,D00065,歸仁十路,  1110210收費   ,,-1,0,42,0,0,0,0,0,,20元/時 ☆剩餘格位:32,22.925944，120.283324,,22.925944,120.283324
路邊停車格收費路段,D00066,歸仁十二路,  1110210收費   ,,-1,0,33,0,0,0,0,0,,20元/時 ☆剩餘格位:24,22.922060，120.284869,,22.92206,120.284869
路邊停車格收費路段,D00067,歸仁大道88巷,  1110210收費   ,,-1,0,18,1,0,0,0,0,,20元/時 ☆剩餘格位:18,22.927189，120.283710,,22.927189,120.28371
路邊停車格收費路段,D00075,南寧街(路邊停車格),  慶中街口-夏林路口   ,,-1,0,77,3,0,0,0,0,,20元/時 ☆剩餘格位:0,22.984909，120.203308,,22.984909,120.203308
路邊停車格收費路段,D00076,五妃街-1(路邊停車格),  永福路口-慶中街口   ,,-1,0,63,3,0,0,0,0,,20元/時 ☆剩餘格位:33,22.982611，120.204697,,22.982611,120.204697
路邊停車格收費路段,D00077,忠義路-1(路邊停車格),  健康路口-府前路口兩側   ,,-1,0,74,1,0,0,0,0,,20元/時 ☆剩餘格位:31,22.987841，120.201797,,22.987841,120.201797
路邊停車格收費路段,D00078,永福路-1(路邊停車格),  健康路口-府前路口兩側   ,,-1,0,48,1,0,0,0,0,,20元/時 ☆剩餘格位:8,22.983144，120.201742,,22.983144,120.201742
路邊停車格收費路段,D00079,永福路-2(路邊停車格),  府前路口-民生路口兩側   ,,-1,0,24,1,0,0,0,0,,20元/時 ☆剩餘格位:4,22.993030，120.201088,,22.99303,120.201088
路邊停車格收費路段,D00080,南門路-3(路邊停車格),  南寧街口-五妃街口兩側   ,,-1,0,45,0,0,0,0,0,,20元/時 ☆剩餘格位:24,22.983709，120.203934,,22.983709,120.203934
路邊停車格收費路段,D00081,慶平路-1(路邊停車格),  建平路口-文平路口兩側   ,,-1,0,62,3,0,0,0,0,,20元/時 ☆剩餘格位:18,22.996927，120.181875,,22.996927,120.181875
路邊停車格收費路段,D00082,文平路(路邊停車格),  健康路口-建平17街口兩側   ,,-1,0,177,0,0,0,0,0,,20元/時 ☆剩餘格位:11,22.991001，120.178360,,22.991001,120.17836
路邊停車格收費路段,D00083,和意路(路邊停車格),  永福路口-西門路口兩側   ,,-1,0,27,0,0,0,0,0,,20元/時 ☆剩餘格位:4,22.988415，120.198980,,22.988415,120.19898
路邊停車格收費路段,D00084,公園南路-2(路邊停車格),  公園路口-臨安路口兩側   ,,-1,0,46,0,0,0,0,0,,20元/時 ☆剩餘格位:2,23.002371，120.203919,,23.002371,120.203919
路邊停車格收費路段,D00085,大同路-3(路邊停車格),  健康路口-生產路口兩側   ,,-1,0,101,3,0,0,0,0,,20元/時 ☆剩餘格位:5,22.978230，120.213509,,22.97823,120.213509
路邊停車格收費路段,D00086,大同路-5(路邊停車格),  生產路至保仁路間   ,,-1,0,70,1,0,0,0,0,,20元/時 ☆剩餘格位:71,22.964097，120.216414,,22.964097,120.216414
路邊停車格收費路段,D00087,小西門(路邊停車格),  小西門圓環   ,,-1,0,18,0,0,0,0,0,,20元/時 ☆剩餘格位:3,22.990857，120.197912,,22.990857,120.197912
路邊停車格收費路段,D00088,長榮路-1(路邊停車格),  林森路口-東門路口兩側   ,,-1,0,55,0,0,0,0,0,,20元/時 ☆剩餘格位:0,22.983320，120.217430,,22.98332,120.21743
路邊停車格收費路段,D00089,小東路-5(路邊停車格),  小東路147巷(小東路口-東豐路口兩側)   ,,-1,0,14,0,0,0,0,0,,20元/時 ☆剩餘格位:8,23.000914，120.226805,,23.000914,120.226805
路邊停車格收費路段,D00090,慶中街(路邊停車格),  健康路口-樹林街口兩側   ,,-1,0,35,0,0,0,0,0,,20元/時 ☆剩餘格位:1,22.982969，120.205473,,22.982969,120.205473
路邊停車格收費路段,D00091,海安路-5(路邊停車格),  民族路口-臨安路口兩側   ,,-1,0,68,5,0,0,0,0,,20元/時 ☆剩餘格位:10,22.996828，120.197078,,22.996828,120.197078
路邊停車格收費路段,D00092,勞工中心(路邊停車格),  南門路口-體育場   ,,-1,0,15,2,0,0,0,0,,20元/時 ☆剩餘格位:17,22.979993，120.203658,,22.979993,120.203658
路邊停車格收費路段,D00093,府連東路(路邊停車格),  長榮路口-林森路口兩側   ,,-1,0,36,2,0,0,0,0,,20元/時 ☆剩餘格位:1,22.983797，120.219533,,22.983797,120.219533
路邊停車格收費路段,D00094,崇德路-1(路邊停車格),  林森路口-崇德17街口兩側   ,,-1,0,59,0,0,0,0,0,,20元/時 ☆剩餘格位:24,22.979370，120.219809,,22.97937,120.219809
路邊停車格收費路段,D00095,新興東路(路邊停車格),  西門路口-水交社路口兩側   ,,-1,0,60,3,0,0,0,0,,20元/時 ☆剩餘格位:48,22.979640，120.199617,,22.97964,120.199617
路邊停車格收費路段,D00096,新興東路-2,  南門路治水交社路   ,,-1,0,74,0,0,0,0,0,,20元/時 ☆剩餘格位:73,22.979735，120.202210,,22.979735,120.20221
路邊停車格收費路段,D00097,水交社路-2(路邊停車格),  新興東路至大成路間   ,,-1,0,58,0,0,0,0,0,,20元/時 ☆剩餘格位:48,22.975138，120.200582,,22.975138,120.200582
路邊停車格收費路段,D00098,水交社一街(路邊停車格),  自南門路至水交社路間   ,,-1,0,22,2,0,0,0,0,,20元/時 ☆剩餘格位:24,22.978273，120.202399,,22.978273,120.202399
路邊停車格收費路段,D00099,大林路(路邊停車格),  大同路口-國民路口北側   ,,-1,0,16,0,0,0,0,0,,20元/時 ☆剩餘格位:5,22.975288，120.210587,,22.975288,120.210587
路邊停車格收費路段,D00100,國平西路(路邊停車格),  健康路至國平南路間   ,,-1,0,35,2,0,0,0,0,,20元/時 ☆剩餘格位:35,22.983948，120.170019,,22.983948,120.170019
路邊停車格收費路段,D00101,臨安路(路邊停車格),  民生路口-民德路口兩側   ,,-1,0,38,1,0,0,0,0,,20元/時 ☆剩餘格位:10,23.003476，120.198664,,23.003476,120.198664
路邊停車格收費路段,D00102,民德路(路邊停車格),  西門路口-海安路口   ,,-1,0,25,0,0,0,0,0,,20元/時 ☆剩餘格位:4,23.006577，120.201098,,23.006577,120.201098
路邊停車格收費路段,D00103,新建路-2,  新建路3巷至新興路間兩側42席，1100301開始收費   ,,-1,0,42,0,0,0,30,3,,20元/時 ☆剩餘格位:13,22.975562，120.185511,,22.975562,120.185511
路邊停車格收費路段,D00104,中山南路,  永康中山路至中華路間   ,,-1,0,134,3,0,0,97,0,,20元/時 ☆剩餘格位:12,23.016254，120.236911,,23.016254,120.236911
路邊停車格收費路段,D00105,崇仁街(路邊停車格),  林森路口-德光街口兩側   ,,-1,0,30,0,0,0,0,0,,20元/時 ☆剩餘格位:20,22.983947，120.223444,,22.983947,120.223444
路邊停車格收費路段,D00106,德光街(路邊停車格),  崇仁街口-崇善路口單側   ,,-1,0,13,0,0,0,0,0,,20元/時 ☆剩餘格位:2,22.982188，120.223707,,22.982188,120.223707
路邊停車格收費路段,D00107,開南街(路邊停車格),  開元路口-林森路口兩側   ,,-1,0,29,2,0,0,0,0,,20元/時 ☆剩餘格位:9,23.008872，120.222854,,23.008872,120.222854
路邊停車格收費路段,D00108,東橋八街(路邊停車格),  東橋一路口至康橋大道口兩側   ,,-1,0,104,1,0,0,16,1,,20元/時 ☆剩餘格位:14,23.021392，120.234546,,23.021392,120.234546
路邊停車格收費路段,D00109,後甲一路(路邊停車格),  自平實路至小東路間   ,,-1,0,58,2,0,0,0,0,,20元/時 ☆剩餘格位:11,22.992980，120.235899,,22.99298,120.235899
路邊停車格收費路段,D00110,文華路奇美博物館,  二仁路2段至虎山橋間(文華路2段)1040901收費   ,,-1,0,58,0,0,0,0,0,,20元/時 ☆剩餘格位:44,22.937301，120.222013,,22.937301,120.222013
路邊停車格收費路段,D00111,東橋十二街,  康橋大道至東橋七路間1091002收費   ,,-1,0,33,0,0,0,0,0,,20元/時 ☆剩餘格位:19,23.024432，120.234268,,23.024432,120.234268
